1.0000,1.0000,1.0000,-42.5501
1.0000,1.0000,11.0000,-57.3017
1.0000,1.0000,21.0000,-58.8441
1.0000,1.0000,31.0000,-59.4884
1.0000,1.0000,41.0000,-59.9840
1.0000,1.0000,51.0000,-61.8886
1.0000,1.0000,61.0000,-60.9108
1.0000,1.0000,71.0000,-60.6643
1.0000,1.0000,81.0000,-67.2698
1.0000,1.0000,91.0000,-60.3698
1.0000,1.0000,101.0000,-62.1039
1.0000,11.0000,1.0000,-44.2120
1.0000,11.0000,11.0000,-105.4873
1.0000,11.0000,21.0000,-125.8214
1.0000,11.0000,31.0000,-124.6084
1.0000,11.0000,41.0000,-126.2399
1.0000,11.0000,51.0000,-134.0823
1.0000,11.0000,61.0000,-129.5277
1.0000,11.0000,71.0000,-135.2713
1.0000,11.0000,81.0000,-115.7537
1.0000,11.0000,91.0000,-139.6195
1.0000,11.0000,101.0000,-129.2834
1.0000,21.0000,1.0000,-77.1638
1.0000,21.0000,11.0000,-108.9908
1.0000,21.0000,21.0000,-115.5082
1.0000,21.0000,31.0000,-118.1167
1.0000,21.0000,41.0000,-121.9052
1.0000,21.0000,51.0000,-120.5906
1.0000,21.0000,61.0000,-124.5274
1.0000,21.0000,71.0000,-121.0930
1.0000,21.0000,81.0000,-122.3087
1.0000,21.0000,91.0000,-121.2479
1.0000,21.0000,101.0000,-126.1083
1.0000,31.0000,1.0000,-87.2005
1.0000,31.0000,11.0000,-105.6939
1.0000,31.0000,21.0000,-111.9284
1.0000,31.0000,31.0000,-114.5825
1.0000,31.0000,41.0000,-116.9351
1.0000,31.0000,51.0000,-119.0933
1.0000,31.0000,61.0000,-118.6453
1.0000,31.0000,71.0000,-115.5026
1.0000,31.0000,81.0000,-119.6381
1.0000,31.0000,91.0000,-116.8706
1.0000,31.0000,101.0000,-121.3871
1.0000,41.0000,1.0000,-89.3844
1.0000,41.0000,11.0000,-100.7711
1.0000,41.0000,21.0000,-105.7957
1.0000,41.0000,31.0000,-109.9978
1.0000,41.0000,41.0000,-110.7973
1.0000,41.0000,51.0000,-110.9853
1.0000,41.0000,61.0000,-113.2068
1.0000,41.0000,71.0000,-109.6496
1.0000,41.0000,81.0000,-112.0639
1.0000,41.0000,91.0000,-114.3228
1.0000,41.0000,101.0000,-113.3693
1.0000,51.0000,1.0000,-89.3533
1.0000,51.0000,11.0000,-97.5987
1.0000,51.0000,21.0000,-101.1188
1.0000,51.0000,31.0000,-104.9923
1.0000,51.0000,41.0000,-105.6121
1.0000,51.0000,51.0000,-108.4721
1.0000,51.0000,61.0000,-108.7255
1.0000,51.0000,71.0000,-107.0789
1.0000,51.0000,81.0000,-107.1322
1.0000,51.0000,91.0000,-107.1120
1.0000,51.0000,101.0000,-108.4725
1.0000,61.0000,1.0000,-89.1600
1.0000,61.0000,11.0000,-97.3800
1.0000,61.0000,21.0000,-100.8200
1.0000,61.0000,31.0000,-103.2067
1.0000,61.0000,41.0000,-102.4533
1.0000,61.0000,51.0000,-104.5133
1.0000,61.0000,61.0000,-103.7067
1.0000,61.0000,71.0000,-105.6000
1.0000,61.0000,81.0000,-106.6200
1.0000,61.0000,91.0000,-102.9533
1.0000,61.0000,101.0000,-106.0667
1.0000,71.0000,1.0000,-90.5467
1.0000,71.0000,11.0000,-94.6667
1.0000,71.0000,21.0000,-99.5400
1.0000,71.0000,31.0000,-102.6533
1.0000,71.0000,41.0000,-100.3000
1.0000,71.0000,51.0000,-98.3467
1.0000,71.0000,61.0000,-103.9733
1.0000,71.0000,71.0000,-103.6133
1.0000,71.0000,81.0000,-103.5400
1.0000,71.0000,91.0000,-103.4000
1.0000,71.0000,101.0000,-100.9400
1.0000,81.0000,1.0000,-91.3000
1.0000,81.0000,11.0000,-94.4533
1.0000,81.0000,21.0000,-98.7600
1.0000,81.0000,31.0000,-99.9933
1.0000,81.0000,41.0000,-99.8667
1.0000,81.0000,51.0000,-100.4800
1.0000,81.0000,61.0000,-98.3600
1.0000,81.0000,71.0000,-100.0133
1.0000,81.0000,81.0000,-101.1467
1.0000,81.0000,91.0000,-101.4600
1.0000,81.0000,101.0000,-100.4667
1.0000,91.0000,1.0000,-89.9667
1.0000,91.0000,11.0000,-93.9800
1.0000,91.0000,21.0000,-96.9600
1.0000,91.0000,31.0000,-97.7267
1.0000,91.0000,41.0000,-98.1867
1.0000,91.0000,51.0000,-99.8733
1.0000,91.0000,61.0000,-99.7533
1.0000,91.0000,71.0000,-100.5133
1.0000,91.0000,81.0000,-100.7467
1.0000,91.0000,91.0000,-98.8467
1.0000,91.0000,101.0000,-101.9133
1.0000,101.0000,1.0000,-89.8933
1.0000,101.0000,11.0000,-93.7667
1.0000,101.0000,21.0000,-96.8467
1.0000,101.0000,31.0000,-97.2867
1.0000,101.0000,41.0000,-98.7333
1.0000,101.0000,51.0000,-98.5067
1.0000,101.0000,61.0000,-100.7200
1.0000,101.0000,71.0000,-98.5667
1.0000,101.0000,81.0000,-98.4600
1.0000,101.0000,91.0000,-99.4933
1.0000,101.0000,101.0000,-99.8400
11.0000,1.0000,1.0000,-81.0518
11.0000,1.0000,11.0000,-57.7310
11.0000,1.0000,21.0000,-54.2973
11.0000,1.0000,31.0000,-54.1888
11.0000,1.0000,41.0000,-53.0088
11.0000,1.0000,51.0000,-51.8716
11.0000,1.0000,61.0000,-52.6951
11.0000,1.0000,71.0000,-52.8064
11.0000,1.0000,81.0000,-53.2032
11.0000,1.0000,91.0000,-54.6013
11.0000,1.0000,101.0000,-51.8402
11.0000,11.0000,1.0000,-9.6588
11.0000,11.0000,11.0000,13.8505
11.0000,11.0000,21.0000,20.0299
11.0000,11.0000,31.0000,16.6431
11.0000,11.0000,41.0000,19.0616
11.0000,11.0000,51.0000,18.9359
11.0000,11.0000,61.0000,15.4328
11.0000,11.0000,71.0000,18.2713
11.0000,11.0000,81.0000,19.7856
11.0000,11.0000,91.0000,15.4961
11.0000,11.0000,101.0000,16.3697
11.0000,21.0000,1.0000,-8.0298
11.0000,21.0000,11.0000,15.4413
11.0000,21.0000,21.0000,18.7866
11.0000,21.0000,31.0000,21.0092
11.0000,21.0000,41.0000,19.3817
11.0000,21.0000,51.0000,24.0889
11.0000,21.0000,61.0000,23.2682
11.0000,21.0000,71.0000,21.0289
11.0000,21.0000,81.0000,19.8774
11.0000,21.0000,91.0000,17.0585
11.0000,21.0000,101.0000,20.0715
11.0000,31.0000,1.0000,-8.6327
11.0000,31.0000,11.0000,15.6324
11.0000,31.0000,21.0000,19.4298
11.0000,31.0000,31.0000,17.7539
11.0000,31.0000,41.0000,17.4062
11.0000,31.0000,51.0000,19.7128
11.0000,31.0000,61.0000,17.4476
11.0000,31.0000,71.0000,16.4149
11.0000,31.0000,81.0000,18.3975
11.0000,31.0000,91.0000,18.9132
11.0000,31.0000,101.0000,18.9985
11.0000,41.0000,1.0000,-9.0199
11.0000,41.0000,11.0000,11.6442
11.0000,41.0000,21.0000,14.2399
11.0000,41.0000,31.0000,14.7117
11.0000,41.0000,41.0000,16.8183
11.0000,41.0000,51.0000,15.3535
11.0000,41.0000,61.0000,15.9406
11.0000,41.0000,71.0000,17.6000
11.0000,41.0000,81.0000,14.9353
11.0000,41.0000,91.0000,12.8850
11.0000,41.0000,101.0000,11.6984
11.0000,51.0000,1.0000,-10.1165
11.0000,51.0000,11.0000,7.2126
11.0000,51.0000,21.0000,11.0652
11.0000,51.0000,31.0000,10.5991
11.0000,51.0000,41.0000,11.5804
11.0000,51.0000,51.0000,12.8680
11.0000,51.0000,61.0000,9.4239
11.0000,51.0000,71.0000,10.1896
11.0000,51.0000,81.0000,11.3859
11.0000,51.0000,91.0000,15.7335
11.0000,51.0000,101.0000,10.7946
11.0000,61.0000,1.0000,-13.6728
11.0000,61.0000,11.0000,3.4807
11.0000,61.0000,21.0000,6.5474
11.0000,61.0000,31.0000,5.8489
11.0000,61.0000,41.0000,6.0426
11.0000,61.0000,51.0000,8.5744
11.0000,61.0000,61.0000,13.1590
11.0000,61.0000,71.0000,9.6892
11.0000,61.0000,81.0000,6.4718
11.0000,61.0000,91.0000,7.9950
11.0000,61.0000,101.0000,12.1495
11.0000,71.0000,1.0000,-12.1079
11.0000,71.0000,11.0000,5.3112
11.0000,71.0000,21.0000,4.4826
11.0000,71.0000,31.0000,4.3787
11.0000,71.0000,41.0000,4.2002
11.0000,71.0000,51.0000,5.8490
11.0000,71.0000,61.0000,4.2865
11.0000,71.0000,71.0000,3.6671
11.0000,71.0000,81.0000,2.2896
11.0000,71.0000,91.0000,2.7536
11.0000,71.0000,101.0000,2.7246
11.0000,81.0000,1.0000,-15.1262
11.0000,81.0000,11.0000,-0.8915
11.0000,81.0000,21.0000,-0.2380
11.0000,81.0000,31.0000,1.2433
11.0000,81.0000,41.0000,0.7388
11.0000,81.0000,51.0000,5.6823
11.0000,81.0000,61.0000,4.3736
11.0000,81.0000,71.0000,-1.6549
11.0000,81.0000,81.0000,2.7177
11.0000,81.0000,91.0000,3.2143
11.0000,81.0000,101.0000,12.0390
11.0000,91.0000,1.0000,-18.9208
11.0000,91.0000,11.0000,-2.4521
11.0000,91.0000,21.0000,-1.0571
11.0000,91.0000,31.0000,-3.7584
11.0000,91.0000,41.0000,-2.0348
11.0000,91.0000,51.0000,1.2184
11.0000,91.0000,61.0000,-0.4603
11.0000,91.0000,71.0000,-0.2411
11.0000,91.0000,81.0000,-4.2526
11.0000,91.0000,91.0000,2.1838
11.0000,91.0000,101.0000,1.0724
11.0000,101.0000,1.0000,-18.7682
11.0000,101.0000,11.0000,-5.5613
11.0000,101.0000,21.0000,-6.5749
11.0000,101.0000,31.0000,-5.2957
11.0000,101.0000,41.0000,-2.7089
11.0000,101.0000,51.0000,-0.5785
11.0000,101.0000,61.0000,-2.9841
11.0000,101.0000,71.0000,-7.5455
11.0000,101.0000,81.0000,-8.4041
11.0000,101.0000,91.0000,-7.2881
11.0000,101.0000,101.0000,1.7193
21.0000,1.0000,1.0000,-83.8551
21.0000,1.0000,11.0000,-66.1142
21.0000,1.0000,21.0000,-59.1060
21.0000,1.0000,31.0000,-57.4666
21.0000,1.0000,41.0000,-58.6981
21.0000,1.0000,51.0000,-58.4635
21.0000,1.0000,61.0000,-54.6619
21.0000,1.0000,71.0000,-53.7714
21.0000,1.0000,81.0000,-52.6925
21.0000,1.0000,91.0000,-57.3744
21.0000,1.0000,101.0000,-57.7992
21.0000,11.0000,1.0000,-11.8864
21.0000,11.0000,11.0000,5.4639
21.0000,11.0000,21.0000,12.2613
21.0000,11.0000,31.0000,14.6182
21.0000,11.0000,41.0000,17.3382
21.0000,11.0000,51.0000,16.8589
21.0000,11.0000,61.0000,15.8849
21.0000,11.0000,71.0000,15.5985
21.0000,11.0000,81.0000,16.4233
21.0000,11.0000,91.0000,15.7022
21.0000,11.0000,101.0000,20.6787
21.0000,21.0000,1.0000,-9.4458
21.0000,21.0000,11.0000,7.6817
21.0000,21.0000,21.0000,13.2196
21.0000,21.0000,31.0000,18.5243
21.0000,21.0000,41.0000,18.2574
21.0000,21.0000,51.0000,19.7144
21.0000,21.0000,61.0000,20.8679
21.0000,21.0000,71.0000,19.9868
21.0000,21.0000,81.0000,14.6283
21.0000,21.0000,91.0000,17.2176
21.0000,21.0000,101.0000,17.9162
21.0000,31.0000,1.0000,-8.8318
21.0000,31.0000,11.0000,8.6987
21.0000,31.0000,21.0000,14.0358
21.0000,31.0000,31.0000,15.0861
21.0000,31.0000,41.0000,16.5400
21.0000,31.0000,51.0000,17.8146
21.0000,31.0000,61.0000,17.3303
21.0000,31.0000,71.0000,18.7243
21.0000,31.0000,81.0000,17.6544
21.0000,31.0000,91.0000,17.8262
21.0000,31.0000,101.0000,15.5665
21.0000,41.0000,1.0000,-8.6979
21.0000,41.0000,11.0000,7.6581
21.0000,41.0000,21.0000,11.5940
21.0000,41.0000,31.0000,14.4334
21.0000,41.0000,41.0000,15.0242
21.0000,41.0000,51.0000,16.3372
21.0000,41.0000,61.0000,17.7663
21.0000,41.0000,71.0000,16.4286
21.0000,41.0000,81.0000,13.9360
21.0000,41.0000,91.0000,16.3985
21.0000,41.0000,101.0000,14.5479
21.0000,51.0000,1.0000,-9.6109
21.0000,51.0000,11.0000,5.9969
21.0000,51.0000,21.0000,12.5758
21.0000,51.0000,31.0000,14.2670
21.0000,51.0000,41.0000,16.7874
21.0000,51.0000,51.0000,17.0918
21.0000,51.0000,61.0000,14.5355
21.0000,51.0000,71.0000,19.2269
21.0000,51.0000,81.0000,12.8932
21.0000,51.0000,91.0000,13.5169
21.0000,51.0000,101.0000,17.5654
21.0000,61.0000,1.0000,-9.3641
21.0000,61.0000,11.0000,5.6397
21.0000,61.0000,21.0000,8.5853
21.0000,61.0000,31.0000,10.0316
21.0000,61.0000,41.0000,11.1681
21.0000,61.0000,51.0000,13.1749
21.0000,61.0000,61.0000,13.2769
21.0000,61.0000,71.0000,10.7143
21.0000,61.0000,81.0000,16.3235
21.0000,61.0000,91.0000,12.7304
21.0000,61.0000,101.0000,15.0711
21.0000,71.0000,1.0000,-10.9368
21.0000,71.0000,11.0000,2.4202
21.0000,71.0000,21.0000,6.9206
21.0000,71.0000,31.0000,12.5260
21.0000,71.0000,41.0000,10.2743
21.0000,71.0000,51.0000,12.2911
21.0000,71.0000,61.0000,10.7809
21.0000,71.0000,71.0000,13.2519
21.0000,71.0000,81.0000,12.6903
21.0000,71.0000,91.0000,10.8235
21.0000,71.0000,101.0000,21.6362
21.0000,81.0000,1.0000,-10.0001
21.0000,81.0000,11.0000,0.7806
21.0000,81.0000,21.0000,5.0733
21.0000,81.0000,31.0000,6.4251
21.0000,81.0000,41.0000,5.4570
21.0000,81.0000,51.0000,9.0385
21.0000,81.0000,61.0000,9.5411
21.0000,81.0000,71.0000,9.1606
21.0000,81.0000,81.0000,10.3653
21.0000,81.0000,91.0000,9.2576
21.0000,81.0000,101.0000,10.9729
21.0000,91.0000,1.0000,-11.3231
21.0000,91.0000,11.0000,1.0569
21.0000,91.0000,21.0000,3.2512
21.0000,91.0000,31.0000,4.5060
21.0000,91.0000,41.0000,5.8169
21.0000,91.0000,51.0000,2.8741
21.0000,91.0000,61.0000,6.1502
21.0000,91.0000,71.0000,11.5301
21.0000,91.0000,81.0000,7.1823
21.0000,91.0000,91.0000,8.4238
21.0000,91.0000,101.0000,6.6493
21.0000,101.0000,1.0000,-10.7573
21.0000,101.0000,11.0000,-0.4058
21.0000,101.0000,21.0000,1.6573
21.0000,101.0000,31.0000,6.1177
21.0000,101.0000,41.0000,4.8221
21.0000,101.0000,51.0000,6.7172
21.0000,101.0000,61.0000,2.6561
21.0000,101.0000,71.0000,5.4569
21.0000,101.0000,81.0000,9.0261
21.0000,101.0000,91.0000,5.4118
21.0000,101.0000,101.0000,7.9081
31.0000,1.0000,1.0000,-84.6375
31.0000,1.0000,11.0000,-72.6702
31.0000,1.0000,21.0000,-65.6432
31.0000,1.0000,31.0000,-60.8899
31.0000,1.0000,41.0000,-59.0393
31.0000,1.0000,51.0000,-60.2937
31.0000,1.0000,61.0000,-57.4102
31.0000,1.0000,71.0000,-56.2156
31.0000,1.0000,81.0000,-59.7181
31.0000,1.0000,91.0000,-57.0330
31.0000,1.0000,101.0000,-60.5105
31.0000,11.0000,1.0000,-12.2338
31.0000,11.0000,11.0000,0.8626
31.0000,11.0000,21.0000,5.6987
31.0000,11.0000,31.0000,10.9965
31.0000,11.0000,41.0000,13.3683
31.0000,11.0000,51.0000,13.4673
31.0000,11.0000,61.0000,15.9424
31.0000,11.0000,71.0000,13.0114
31.0000,11.0000,81.0000,14.6578
31.0000,11.0000,91.0000,15.1449
31.0000,11.0000,101.0000,16.3236
31.0000,21.0000,1.0000,-9.8669
31.0000,21.0000,11.0000,3.8539
31.0000,21.0000,21.0000,10.1652
31.0000,21.0000,31.0000,12.8167
31.0000,21.0000,41.0000,15.0817
31.0000,21.0000,51.0000,15.8501
31.0000,21.0000,61.0000,18.2003
31.0000,21.0000,71.0000,15.4514
31.0000,21.0000,81.0000,12.9121
31.0000,21.0000,91.0000,17.8994
31.0000,21.0000,101.0000,19.3545
31.0000,31.0000,1.0000,-9.1685
31.0000,31.0000,11.0000,3.5645
31.0000,31.0000,21.0000,7.7113
31.0000,31.0000,31.0000,12.9517
31.0000,31.0000,41.0000,16.5800
31.0000,31.0000,51.0000,15.3271
31.0000,31.0000,61.0000,16.0556
31.0000,31.0000,71.0000,14.4440
31.0000,31.0000,81.0000,18.6495
31.0000,31.0000,91.0000,17.4160
31.0000,31.0000,101.0000,17.6977
31.0000,41.0000,1.0000,-9.3202
31.0000,41.0000,11.0000,3.3828
31.0000,41.0000,21.0000,8.9051
31.0000,41.0000,31.0000,13.1337
31.0000,41.0000,41.0000,16.1576
31.0000,41.0000,51.0000,14.6872
31.0000,41.0000,61.0000,16.3969
31.0000,41.0000,71.0000,18.5323
31.0000,41.0000,81.0000,18.3327
31.0000,41.0000,91.0000,17.0384
31.0000,41.0000,101.0000,17.0827
31.0000,51.0000,1.0000,-9.4827
31.0000,51.0000,11.0000,3.1060
31.0000,51.0000,21.0000,8.0650
31.0000,51.0000,31.0000,10.7507
31.0000,51.0000,41.0000,13.8274
31.0000,51.0000,51.0000,14.3111
31.0000,51.0000,61.0000,13.5003
31.0000,51.0000,71.0000,15.3151
31.0000,51.0000,81.0000,15.2328
31.0000,51.0000,91.0000,19.7471
31.0000,51.0000,101.0000,15.8380
31.0000,61.0000,1.0000,-9.2589
31.0000,61.0000,11.0000,1.9889
31.0000,61.0000,21.0000,5.0565
31.0000,61.0000,31.0000,10.0313
31.0000,61.0000,41.0000,12.2925
31.0000,61.0000,51.0000,13.6811
31.0000,61.0000,61.0000,11.6656
31.0000,61.0000,71.0000,15.2651
31.0000,61.0000,81.0000,13.8720
31.0000,61.0000,91.0000,14.7610
31.0000,61.0000,101.0000,13.2010
31.0000,71.0000,1.0000,-9.8012
31.0000,71.0000,11.0000,1.7433
31.0000,71.0000,21.0000,7.4843
31.0000,71.0000,31.0000,7.8362
31.0000,71.0000,41.0000,8.4187
31.0000,71.0000,51.0000,12.7126
31.0000,71.0000,61.0000,14.1560
31.0000,71.0000,71.0000,11.7577
31.0000,71.0000,81.0000,16.2810
31.0000,71.0000,91.0000,8.5167
31.0000,71.0000,101.0000,7.8007
31.0000,81.0000,1.0000,-9.7064
31.0000,81.0000,11.0000,0.9579
31.0000,81.0000,21.0000,4.9571
31.0000,81.0000,31.0000,4.9935
31.0000,81.0000,41.0000,9.7939
31.0000,81.0000,51.0000,8.5335
31.0000,81.0000,61.0000,6.7803
31.0000,81.0000,71.0000,6.4459
31.0000,81.0000,81.0000,9.1230
31.0000,81.0000,91.0000,9.9888
31.0000,81.0000,101.0000,6.5248
31.0000,91.0000,1.0000,-10.4028
31.0000,91.0000,11.0000,0.6514
31.0000,91.0000,21.0000,0.8212
31.0000,91.0000,31.0000,6.4821
31.0000,91.0000,41.0000,4.5313
31.0000,91.0000,51.0000,4.9622
31.0000,91.0000,61.0000,8.2605
31.0000,91.0000,71.0000,7.7128
31.0000,91.0000,81.0000,3.0705
31.0000,91.0000,91.0000,8.9897
31.0000,91.0000,101.0000,5.9275
31.0000,101.0000,1.0000,-10.5450
31.0000,101.0000,11.0000,-0.0771
31.0000,101.0000,21.0000,0.9954
31.0000,101.0000,31.0000,3.2882
31.0000,101.0000,41.0000,6.0159
31.0000,101.0000,51.0000,-0.2252
31.0000,101.0000,61.0000,4.0387
31.0000,101.0000,71.0000,6.7110
31.0000,101.0000,81.0000,6.4945
31.0000,101.0000,91.0000,9.9383
31.0000,101.0000,101.0000,9.2395
41.0000,1.0000,1.0000,-85.9413
41.0000,1.0000,11.0000,-74.4261
41.0000,1.0000,21.0000,-69.7056
41.0000,1.0000,31.0000,-64.7750
41.0000,1.0000,41.0000,-62.9282
41.0000,1.0000,51.0000,-62.5351
41.0000,1.0000,61.0000,-63.8223
41.0000,1.0000,71.0000,-60.6748
41.0000,1.0000,81.0000,-59.5679
41.0000,1.0000,91.0000,-62.2021
41.0000,1.0000,101.0000,-61.8766
41.0000,11.0000,1.0000,-13.1010
41.0000,11.0000,11.0000,-2.2438
41.0000,11.0000,21.0000,2.6901
41.0000,11.0000,31.0000,8.3189
41.0000,11.0000,41.0000,10.2540
41.0000,11.0000,51.0000,11.8961
41.0000,11.0000,61.0000,12.2403
41.0000,11.0000,71.0000,11.4688
41.0000,11.0000,81.0000,11.6267
41.0000,11.0000,91.0000,11.8761
41.0000,11.0000,101.0000,12.2156
41.0000,21.0000,1.0000,-10.4589
41.0000,21.0000,11.0000,0.2882
41.0000,21.0000,21.0000,5.4239
41.0000,21.0000,31.0000,9.6040
41.0000,21.0000,41.0000,9.8846
41.0000,21.0000,51.0000,12.7055
41.0000,21.0000,61.0000,14.3478
41.0000,21.0000,71.0000,14.5213
41.0000,21.0000,81.0000,10.9347
41.0000,21.0000,91.0000,15.9358
41.0000,21.0000,101.0000,17.8180
41.0000,31.0000,1.0000,-9.4334
41.0000,31.0000,11.0000,0.9711
41.0000,31.0000,21.0000,6.9689
41.0000,31.0000,31.0000,10.4125
41.0000,31.0000,41.0000,11.4733
41.0000,31.0000,51.0000,12.6083
41.0000,31.0000,61.0000,17.5073
41.0000,31.0000,71.0000,14.5854
41.0000,31.0000,81.0000,12.7964
41.0000,31.0000,91.0000,16.6164
41.0000,31.0000,101.0000,13.0005
41.0000,41.0000,1.0000,-9.1329
41.0000,41.0000,11.0000,1.4361
41.0000,41.0000,21.0000,6.7223
41.0000,41.0000,31.0000,10.2390
41.0000,41.0000,41.0000,10.4892
41.0000,41.0000,51.0000,12.5961
41.0000,41.0000,61.0000,12.4838
41.0000,41.0000,71.0000,14.7905
41.0000,41.0000,81.0000,15.5570
41.0000,41.0000,91.0000,12.3754
41.0000,41.0000,101.0000,16.2795
41.0000,51.0000,1.0000,-9.0631
41.0000,51.0000,11.0000,0.7636
41.0000,51.0000,21.0000,6.2301
41.0000,51.0000,31.0000,9.1904
41.0000,51.0000,41.0000,9.9204
41.0000,51.0000,51.0000,13.7806
41.0000,51.0000,61.0000,14.6427
41.0000,51.0000,71.0000,12.4460
41.0000,51.0000,81.0000,13.7246
41.0000,51.0000,91.0000,15.6479
41.0000,51.0000,101.0000,16.1027
41.0000,61.0000,1.0000,-9.2297
41.0000,61.0000,11.0000,2.0025
41.0000,61.0000,21.0000,6.1706
41.0000,61.0000,31.0000,8.6068
41.0000,61.0000,41.0000,11.1184
41.0000,61.0000,51.0000,12.4770
41.0000,61.0000,61.0000,9.5655
41.0000,61.0000,71.0000,8.9904
41.0000,61.0000,81.0000,13.4360
41.0000,61.0000,91.0000,10.9622
41.0000,61.0000,101.0000,17.6911
41.0000,71.0000,1.0000,-9.0555
41.0000,71.0000,11.0000,-0.5204
41.0000,71.0000,21.0000,2.8218
41.0000,71.0000,31.0000,4.6556
41.0000,71.0000,41.0000,5.2800
41.0000,71.0000,51.0000,8.3059
41.0000,71.0000,61.0000,13.6040
41.0000,71.0000,71.0000,11.0880
41.0000,71.0000,81.0000,7.8077
41.0000,71.0000,91.0000,12.6222
41.0000,71.0000,101.0000,12.0624
41.0000,81.0000,1.0000,-9.0684
41.0000,81.0000,11.0000,0.6204
41.0000,81.0000,21.0000,2.7375
41.0000,81.0000,31.0000,3.2218
41.0000,81.0000,41.0000,4.9129
41.0000,81.0000,51.0000,7.8416
41.0000,81.0000,61.0000,6.4912
41.0000,81.0000,71.0000,8.6041
41.0000,81.0000,81.0000,7.4085
41.0000,81.0000,91.0000,11.6440
41.0000,81.0000,101.0000,11.0160
41.0000,91.0000,1.0000,-9.6426
41.0000,91.0000,11.0000,-0.3349
41.0000,91.0000,21.0000,3.2551
41.0000,91.0000,31.0000,3.0258
41.0000,91.0000,41.0000,6.1301
41.0000,91.0000,51.0000,5.0684
41.0000,91.0000,61.0000,6.2772
41.0000,91.0000,71.0000,8.2898
41.0000,91.0000,81.0000,6.2075
41.0000,91.0000,91.0000,9.5519
41.0000,91.0000,101.0000,11.2354
41.0000,101.0000,1.0000,-9.4090
41.0000,101.0000,11.0000,-0.6998
41.0000,101.0000,21.0000,0.9623
41.0000,101.0000,31.0000,1.2019
41.0000,101.0000,41.0000,2.8102
41.0000,101.0000,51.0000,6.7332
41.0000,101.0000,61.0000,4.7890
41.0000,101.0000,71.0000,6.8012
41.0000,101.0000,81.0000,6.7211
41.0000,101.0000,91.0000,8.0209
41.0000,101.0000,101.0000,6.9223
51.0000,1.0000,1.0000,-86.6699
51.0000,1.0000,11.0000,-76.8438
51.0000,1.0000,21.0000,-73.2086
51.0000,1.0000,31.0000,-70.0489
51.0000,1.0000,41.0000,-65.0483
51.0000,1.0000,51.0000,-62.5536
51.0000,1.0000,61.0000,-63.7521
51.0000,1.0000,71.0000,-63.9926
51.0000,1.0000,81.0000,-62.7631
51.0000,1.0000,91.0000,-64.4064
51.0000,1.0000,101.0000,-58.4976
51.0000,11.0000,1.0000,-13.2497
51.0000,11.0000,11.0000,-3.3147
51.0000,11.0000,21.0000,1.0791
51.0000,11.0000,31.0000,4.1556
51.0000,11.0000,41.0000,7.6805
51.0000,11.0000,51.0000,6.1342
51.0000,11.0000,61.0000,9.7215
51.0000,11.0000,71.0000,9.2078
51.0000,11.0000,81.0000,13.4505
51.0000,11.0000,91.0000,11.4605
51.0000,11.0000,101.0000,9.3371
51.0000,21.0000,1.0000,-10.5368
51.0000,21.0000,11.0000,-1.3024
51.0000,21.0000,21.0000,3.6362
51.0000,21.0000,31.0000,6.6635
51.0000,21.0000,41.0000,10.3649
51.0000,21.0000,51.0000,10.6062
51.0000,21.0000,61.0000,12.7618
51.0000,21.0000,71.0000,14.9129
51.0000,21.0000,81.0000,15.0498
51.0000,21.0000,91.0000,12.2514
51.0000,21.0000,101.0000,16.0274
51.0000,31.0000,1.0000,-9.4446
51.0000,31.0000,11.0000,-0.3901
51.0000,31.0000,21.0000,4.5999
51.0000,31.0000,31.0000,8.0086
51.0000,31.0000,41.0000,9.8858
51.0000,31.0000,51.0000,12.8286
51.0000,31.0000,61.0000,11.7705
51.0000,31.0000,71.0000,11.1638
51.0000,31.0000,81.0000,10.9836
51.0000,31.0000,91.0000,11.8540
51.0000,31.0000,101.0000,13.7953
51.0000,41.0000,1.0000,-9.1625
51.0000,41.0000,11.0000,-0.0298
51.0000,41.0000,21.0000,4.4922
51.0000,41.0000,31.0000,7.2232
51.0000,41.0000,41.0000,9.7949
51.0000,41.0000,51.0000,11.7170
51.0000,41.0000,61.0000,11.0208
51.0000,41.0000,71.0000,9.6311
51.0000,41.0000,81.0000,11.6188
51.0000,41.0000,91.0000,12.2797
51.0000,41.0000,101.0000,15.4525
51.0000,51.0000,1.0000,-9.1916
51.0000,51.0000,11.0000,-0.7056
51.0000,51.0000,21.0000,3.1530
51.0000,51.0000,31.0000,3.6726
51.0000,51.0000,41.0000,10.1943
51.0000,51.0000,51.0000,12.4446
51.0000,51.0000,61.0000,13.5939
51.0000,51.0000,71.0000,9.6146
51.0000,51.0000,81.0000,10.9306
51.0000,51.0000,91.0000,12.9696
51.0000,51.0000,101.0000,13.8373
51.0000,61.0000,1.0000,-8.9120
51.0000,61.0000,11.0000,-1.9910
51.0000,61.0000,21.0000,1.3567
51.0000,61.0000,31.0000,7.2956
51.0000,61.0000,41.0000,7.7368
51.0000,61.0000,51.0000,9.9538
51.0000,61.0000,61.0000,9.8342
51.0000,61.0000,71.0000,10.0078
51.0000,61.0000,81.0000,11.5616
51.0000,61.0000,91.0000,11.7390
51.0000,61.0000,101.0000,12.5992
51.0000,71.0000,1.0000,-9.0015
51.0000,71.0000,11.0000,-0.4659
51.0000,71.0000,21.0000,2.6093
51.0000,71.0000,31.0000,5.8952
51.0000,71.0000,41.0000,5.8547
51.0000,71.0000,51.0000,8.9514
51.0000,71.0000,61.0000,7.9934
51.0000,71.0000,71.0000,10.4410
51.0000,71.0000,81.0000,10.6827
51.0000,71.0000,91.0000,11.0647
51.0000,71.0000,101.0000,11.7052
51.0000,81.0000,1.0000,-8.9982
51.0000,81.0000,11.0000,-2.1760
51.0000,81.0000,21.0000,0.8597
51.0000,81.0000,31.0000,4.3193
51.0000,81.0000,41.0000,3.7975
51.0000,81.0000,51.0000,5.7590
51.0000,81.0000,61.0000,7.3633
51.0000,81.0000,71.0000,8.7553
51.0000,81.0000,81.0000,9.4197
51.0000,81.0000,91.0000,5.4648
51.0000,81.0000,101.0000,9.7390
51.0000,91.0000,1.0000,-9.5944
51.0000,91.0000,11.0000,-1.1433
51.0000,91.0000,21.0000,1.5302
51.0000,91.0000,31.0000,1.3102
51.0000,91.0000,41.0000,2.9586
51.0000,91.0000,51.0000,3.3705
51.0000,91.0000,61.0000,4.2378
51.0000,91.0000,71.0000,6.5771
51.0000,91.0000,81.0000,9.3118
51.0000,91.0000,91.0000,10.2101
51.0000,91.0000,101.0000,10.8405
51.0000,101.0000,1.0000,-9.7755
51.0000,101.0000,11.0000,-2.3954
51.0000,101.0000,21.0000,1.9694
51.0000,101.0000,31.0000,1.5735
51.0000,101.0000,41.0000,3.8879
51.0000,101.0000,51.0000,2.4204
51.0000,101.0000,61.0000,2.9436
51.0000,101.0000,71.0000,5.1145
51.0000,101.0000,81.0000,6.2560
51.0000,101.0000,91.0000,5.2767
51.0000,101.0000,101.0000,7.1747
61.0000,1.0000,1.0000,-86.4168
61.0000,1.0000,11.0000,-78.0269
61.0000,1.0000,21.0000,-75.0160
61.0000,1.0000,31.0000,-69.8258
61.0000,1.0000,41.0000,-68.0002
61.0000,1.0000,51.0000,-68.3666
61.0000,1.0000,61.0000,-65.6106
61.0000,1.0000,71.0000,-62.9116
61.0000,1.0000,81.0000,-65.0889
61.0000,1.0000,91.0000,-64.1925
61.0000,1.0000,101.0000,-64.5579
61.0000,11.0000,1.0000,-13.5748
61.0000,11.0000,11.0000,-5.5953
61.0000,11.0000,21.0000,-2.0083
61.0000,11.0000,31.0000,1.7224
61.0000,11.0000,41.0000,2.7189
61.0000,11.0000,51.0000,6.7349
61.0000,11.0000,61.0000,6.0057
61.0000,11.0000,71.0000,7.9840
61.0000,11.0000,81.0000,7.3280
61.0000,11.0000,91.0000,9.2029
61.0000,11.0000,101.0000,9.9127
61.0000,21.0000,1.0000,-10.5071
61.0000,21.0000,11.0000,-1.8241
61.0000,21.0000,21.0000,1.7709
61.0000,21.0000,31.0000,5.7871
61.0000,21.0000,41.0000,5.4521
61.0000,21.0000,51.0000,8.9757
61.0000,21.0000,61.0000,10.1523
61.0000,21.0000,71.0000,11.2602
61.0000,21.0000,81.0000,9.0782
61.0000,21.0000,91.0000,11.4186
61.0000,21.0000,101.0000,12.0456
61.0000,31.0000,1.0000,-9.6058
61.0000,31.0000,11.0000,-0.7240
61.0000,31.0000,21.0000,2.7955
61.0000,31.0000,31.0000,5.6002
61.0000,31.0000,41.0000,8.7226
61.0000,31.0000,51.0000,7.2384
61.0000,31.0000,61.0000,11.9836
61.0000,31.0000,71.0000,11.1475
61.0000,31.0000,81.0000,11.3485
61.0000,31.0000,91.0000,11.2678
61.0000,31.0000,101.0000,14.0100
61.0000,41.0000,1.0000,-8.9154
61.0000,41.0000,11.0000,-0.9865
61.0000,41.0000,21.0000,2.7964
61.0000,41.0000,31.0000,6.3822
61.0000,41.0000,41.0000,4.4585
61.0000,41.0000,51.0000,8.7083
61.0000,41.0000,61.0000,11.4142
61.0000,41.0000,71.0000,9.9146
61.0000,41.0000,81.0000,10.2461
61.0000,41.0000,91.0000,12.6686
61.0000,41.0000,101.0000,8.8492
61.0000,51.0000,1.0000,-9.4375
61.0000,51.0000,11.0000,-0.3088
61.0000,51.0000,21.0000,3.0885
61.0000,51.0000,31.0000,4.6415
61.0000,51.0000,41.0000,7.9960
61.0000,51.0000,51.0000,9.3170
61.0000,51.0000,61.0000,5.5554
61.0000,51.0000,71.0000,10.9529
61.0000,51.0000,81.0000,9.8156
61.0000,51.0000,91.0000,16.0334
61.0000,51.0000,101.0000,16.2891
61.0000,61.0000,1.0000,-8.4758
61.0000,61.0000,11.0000,-0.6696
61.0000,61.0000,21.0000,1.9206
61.0000,61.0000,31.0000,5.6464
61.0000,61.0000,41.0000,4.8858
61.0000,61.0000,51.0000,8.4310
61.0000,61.0000,61.0000,8.4901
61.0000,61.0000,71.0000,10.0413
61.0000,61.0000,81.0000,5.2831
61.0000,61.0000,91.0000,10.5351
61.0000,61.0000,101.0000,10.5696
61.0000,71.0000,1.0000,-8.7857
61.0000,71.0000,11.0000,-1.4225
61.0000,71.0000,21.0000,-0.3165
61.0000,71.0000,31.0000,4.7976
61.0000,71.0000,41.0000,5.7904
61.0000,71.0000,51.0000,7.0504
61.0000,71.0000,61.0000,9.0713
61.0000,71.0000,71.0000,6.8214
61.0000,71.0000,81.0000,10.3129
61.0000,71.0000,91.0000,7.6904
61.0000,71.0000,101.0000,11.3646
61.0000,81.0000,1.0000,-9.1774
61.0000,81.0000,11.0000,-0.9940
61.0000,81.0000,21.0000,0.6788
61.0000,81.0000,31.0000,3.4686
61.0000,81.0000,41.0000,4.9553
61.0000,81.0000,51.0000,6.6470
61.0000,81.0000,61.0000,4.2557
61.0000,81.0000,71.0000,7.0218
61.0000,81.0000,81.0000,7.5293
61.0000,81.0000,91.0000,8.1421
61.0000,81.0000,101.0000,8.8159
61.0000,91.0000,1.0000,-9.2304
61.0000,91.0000,11.0000,-2.3240
61.0000,91.0000,21.0000,0.5697
61.0000,91.0000,31.0000,1.9237
61.0000,91.0000,41.0000,2.4392
61.0000,91.0000,51.0000,3.5860
61.0000,91.0000,61.0000,3.1717
61.0000,91.0000,71.0000,6.0702
61.0000,91.0000,81.0000,6.8603
61.0000,91.0000,91.0000,2.9469
61.0000,91.0000,101.0000,9.2998
61.0000,101.0000,1.0000,-9.5078
61.0000,101.0000,11.0000,-1.8357
61.0000,101.0000,21.0000,-0.2690
61.0000,101.0000,31.0000,0.9380
61.0000,101.0000,41.0000,1.2295
61.0000,101.0000,51.0000,3.6462
61.0000,101.0000,61.0000,5.6455
61.0000,101.0000,71.0000,5.3676
61.0000,101.0000,81.0000,8.6459
61.0000,101.0000,91.0000,3.3395
61.0000,101.0000,101.0000,5.6414
71.0000,1.0000,1.0000,-85.3933
71.0000,1.0000,11.0000,-79.1288
71.0000,1.0000,21.0000,-75.5140
71.0000,1.0000,31.0000,-73.0068
71.0000,1.0000,41.0000,-70.3423
71.0000,1.0000,51.0000,-68.9118
71.0000,1.0000,61.0000,-66.9563
71.0000,1.0000,71.0000,-65.9421
71.0000,1.0000,81.0000,-62.8994
71.0000,1.0000,91.0000,-64.6137
71.0000,1.0000,101.0000,-64.0885
71.0000,11.0000,1.0000,-13.7734
71.0000,11.0000,11.0000,-6.7677
71.0000,11.0000,21.0000,-2.4501
71.0000,11.0000,31.0000,0.3041
71.0000,11.0000,41.0000,2.4536
71.0000,11.0000,51.0000,3.4846
71.0000,11.0000,61.0000,6.9031
71.0000,11.0000,71.0000,6.7662
71.0000,11.0000,81.0000,7.6233
71.0000,11.0000,91.0000,7.9942
71.0000,11.0000,101.0000,7.8847
71.0000,21.0000,1.0000,-10.7447
71.0000,21.0000,11.0000,-2.6672
71.0000,21.0000,21.0000,-0.7556
71.0000,21.0000,31.0000,3.3591
71.0000,21.0000,41.0000,6.3377
71.0000,21.0000,51.0000,6.8434
71.0000,21.0000,61.0000,9.7648
71.0000,21.0000,71.0000,7.8127
71.0000,21.0000,81.0000,9.5930
71.0000,21.0000,91.0000,8.1908
71.0000,21.0000,101.0000,13.1450
71.0000,31.0000,1.0000,-9.6726
71.0000,31.0000,11.0000,-2.0575
71.0000,31.0000,21.0000,1.2346
71.0000,31.0000,31.0000,2.9870
71.0000,31.0000,41.0000,4.8782
71.0000,31.0000,51.0000,9.0902
71.0000,31.0000,61.0000,7.2627
71.0000,31.0000,71.0000,7.4036
71.0000,31.0000,81.0000,7.9205
71.0000,31.0000,91.0000,14.8435
71.0000,31.0000,101.0000,8.0067
71.0000,41.0000,1.0000,-9.0761
71.0000,41.0000,11.0000,-1.7973
71.0000,41.0000,21.0000,1.2048
71.0000,41.0000,31.0000,3.5583
71.0000,41.0000,41.0000,7.7730
71.0000,41.0000,51.0000,6.7258
71.0000,41.0000,61.0000,8.6135
71.0000,41.0000,71.0000,7.7073
71.0000,41.0000,81.0000,6.9493
71.0000,41.0000,91.0000,12.7063
71.0000,41.0000,101.0000,10.0451
71.0000,51.0000,1.0000,-8.9886
71.0000,51.0000,11.0000,-1.8390
71.0000,51.0000,21.0000,1.9509
71.0000,51.0000,31.0000,2.8810
71.0000,51.0000,41.0000,4.6966
71.0000,51.0000,51.0000,5.1988
71.0000,51.0000,61.0000,5.0126
71.0000,51.0000,71.0000,7.0741
71.0000,51.0000,81.0000,11.2919
71.0000,51.0000,91.0000,10.4595
71.0000,51.0000,101.0000,10.8600
71.0000,61.0000,1.0000,-9.2255
71.0000,61.0000,11.0000,-2.1322
71.0000,61.0000,21.0000,0.6736
71.0000,61.0000,31.0000,3.0574
71.0000,61.0000,41.0000,4.4564
71.0000,61.0000,51.0000,4.2207
71.0000,61.0000,61.0000,5.7271
71.0000,61.0000,71.0000,6.9403
71.0000,61.0000,81.0000,8.9752
71.0000,61.0000,91.0000,10.5124
71.0000,61.0000,101.0000,5.8215
71.0000,71.0000,1.0000,-8.9212
71.0000,71.0000,11.0000,-2.4737
71.0000,71.0000,21.0000,0.2847
71.0000,71.0000,31.0000,2.5316
71.0000,71.0000,41.0000,3.2273
71.0000,71.0000,51.0000,5.4710
71.0000,71.0000,61.0000,6.8225
71.0000,71.0000,71.0000,5.8247
71.0000,71.0000,81.0000,3.7910
71.0000,71.0000,91.0000,8.4689
71.0000,71.0000,101.0000,10.3139
71.0000,81.0000,1.0000,-8.8087
71.0000,81.0000,11.0000,-2.2384
71.0000,81.0000,21.0000,-0.0450
71.0000,81.0000,31.0000,2.1618
71.0000,81.0000,41.0000,4.5184
71.0000,81.0000,51.0000,3.8162
71.0000,81.0000,61.0000,4.3092
71.0000,81.0000,71.0000,4.9505
71.0000,81.0000,81.0000,4.6958
71.0000,81.0000,91.0000,8.3677
71.0000,81.0000,101.0000,8.5950
71.0000,91.0000,1.0000,-9.4177
71.0000,91.0000,11.0000,-2.9103
71.0000,91.0000,21.0000,-1.1119
71.0000,91.0000,31.0000,1.3236
71.0000,91.0000,41.0000,3.2150
71.0000,91.0000,51.0000,0.2277
71.0000,91.0000,61.0000,3.6157
71.0000,91.0000,71.0000,4.6253
71.0000,91.0000,81.0000,4.3242
71.0000,91.0000,91.0000,8.8177
71.0000,91.0000,101.0000,6.5044
71.0000,101.0000,1.0000,-8.6550
71.0000,101.0000,11.0000,-2.6028
71.0000,101.0000,21.0000,0.0511
71.0000,101.0000,31.0000,-0.4680
71.0000,101.0000,41.0000,-2.0243
71.0000,101.0000,51.0000,1.9269
71.0000,101.0000,61.0000,3.4715
71.0000,101.0000,71.0000,0.3395
71.0000,101.0000,81.0000,4.7921
71.0000,101.0000,91.0000,3.9229
71.0000,101.0000,101.0000,3.8350
81.0000,1.0000,1.0000,-86.1356
81.0000,1.0000,11.0000,-79.0912
81.0000,1.0000,21.0000,-75.7993
81.0000,1.0000,31.0000,-74.6604
81.0000,1.0000,41.0000,-69.7807
81.0000,1.0000,51.0000,-70.0208
81.0000,1.0000,61.0000,-67.6226
81.0000,1.0000,71.0000,-69.3104
81.0000,1.0000,81.0000,-67.6414
81.0000,1.0000,91.0000,-64.2721
81.0000,1.0000,101.0000,-68.0136
81.0000,11.0000,1.0000,-13.9020
81.0000,11.0000,11.0000,-6.6701
81.0000,11.0000,21.0000,-3.4863
81.0000,11.0000,31.0000,-0.8360
81.0000,11.0000,41.0000,2.2914
81.0000,11.0000,51.0000,2.7163
81.0000,11.0000,61.0000,4.4430
81.0000,11.0000,71.0000,6.2246
81.0000,11.0000,81.0000,6.2842
81.0000,11.0000,91.0000,5.2446
81.0000,11.0000,101.0000,7.2728
81.0000,21.0000,1.0000,-10.8839
81.0000,21.0000,11.0000,-3.7820
81.0000,21.0000,21.0000,0.5040
81.0000,21.0000,31.0000,2.3918
81.0000,21.0000,41.0000,4.6251
81.0000,21.0000,51.0000,5.2066
81.0000,21.0000,61.0000,6.4402
81.0000,21.0000,71.0000,3.7599
81.0000,21.0000,81.0000,10.7658
81.0000,21.0000,91.0000,10.0643
81.0000,21.0000,101.0000,11.0045
81.0000,31.0000,1.0000,-9.5021
81.0000,31.0000,11.0000,-3.2848
81.0000,31.0000,21.0000,0.1118
81.0000,31.0000,31.0000,1.6439
81.0000,31.0000,41.0000,3.2319
81.0000,31.0000,51.0000,4.2368
81.0000,31.0000,61.0000,8.5544
81.0000,31.0000,71.0000,8.7042
81.0000,31.0000,81.0000,9.4181
81.0000,31.0000,91.0000,6.2502
81.0000,31.0000,101.0000,11.8214
81.0000,41.0000,1.0000,-8.9729
81.0000,41.0000,11.0000,-2.3691
81.0000,41.0000,21.0000,1.1700
81.0000,41.0000,31.0000,2.1764
81.0000,41.0000,41.0000,3.5182
81.0000,41.0000,51.0000,5.1147
81.0000,41.0000,61.0000,7.1017
81.0000,41.0000,71.0000,4.1856
81.0000,41.0000,81.0000,3.9339
81.0000,41.0000,91.0000,10.4938
81.0000,41.0000,101.0000,11.4959
81.0000,51.0000,1.0000,-8.8638
81.0000,51.0000,11.0000,-1.1294
81.0000,51.0000,21.0000,-0.1196
81.0000,51.0000,31.0000,3.2408
81.0000,51.0000,41.0000,4.1679
81.0000,51.0000,51.0000,5.4331
81.0000,51.0000,61.0000,6.5188
81.0000,51.0000,71.0000,7.1159
81.0000,51.0000,81.0000,8.2722
81.0000,51.0000,91.0000,8.3213
81.0000,51.0000,101.0000,5.9549
81.0000,61.0000,1.0000,-8.6948
81.0000,61.0000,11.0000,-2.5316
81.0000,61.0000,21.0000,0.2935
81.0000,61.0000,31.0000,2.6965
81.0000,61.0000,41.0000,4.7888
81.0000,61.0000,51.0000,2.1310
81.0000,61.0000,61.0000,6.1632
81.0000,61.0000,71.0000,6.3782
81.0000,61.0000,81.0000,6.2486
81.0000,61.0000,91.0000,4.4274
81.0000,61.0000,101.0000,9.4329
81.0000,71.0000,1.0000,-9.0966
81.0000,71.0000,11.0000,-2.9412
81.0000,71.0000,21.0000,1.2411
81.0000,71.0000,31.0000,1.2620
81.0000,71.0000,41.0000,3.4482
81.0000,71.0000,51.0000,3.3786
81.0000,71.0000,61.0000,7.0019
81.0000,71.0000,71.0000,7.6602
81.0000,71.0000,81.0000,5.6632
81.0000,71.0000,91.0000,8.7143
81.0000,71.0000,101.0000,5.5175
81.0000,81.0000,1.0000,-9.1614
81.0000,81.0000,11.0000,-2.8065
81.0000,81.0000,21.0000,-0.6157
81.0000,81.0000,31.0000,1.3886
81.0000,81.0000,41.0000,0.8199
81.0000,81.0000,51.0000,3.8029
81.0000,81.0000,61.0000,5.8304
81.0000,81.0000,71.0000,5.2588
81.0000,81.0000,81.0000,3.7159
81.0000,81.0000,91.0000,4.4821
81.0000,81.0000,101.0000,5.7888
81.0000,91.0000,1.0000,-8.8067
81.0000,91.0000,11.0000,-2.0281
81.0000,91.0000,21.0000,-0.4521
81.0000,91.0000,31.0000,1.3113
81.0000,91.0000,41.0000,1.6580
81.0000,91.0000,51.0000,2.3537
81.0000,91.0000,61.0000,1.9193
81.0000,91.0000,71.0000,2.0562
81.0000,91.0000,81.0000,8.5764
81.0000,91.0000,91.0000,5.3692
81.0000,91.0000,101.0000,4.1367
81.0000,101.0000,1.0000,-8.6167
81.0000,101.0000,11.0000,-3.1303
81.0000,101.0000,21.0000,-1.1594
81.0000,101.0000,31.0000,0.9576
81.0000,101.0000,41.0000,-0.5695
81.0000,101.0000,51.0000,3.4558
81.0000,101.0000,61.0000,-0.9048
81.0000,101.0000,71.0000,3.7957
81.0000,101.0000,81.0000,5.2618
81.0000,101.0000,91.0000,5.0994
81.0000,101.0000,101.0000,4.0139
91.0000,1.0000,1.0000,-86.2426
91.0000,1.0000,11.0000,-79.6436
91.0000,1.0000,21.0000,-76.5017
91.0000,1.0000,31.0000,-73.6925
91.0000,1.0000,41.0000,-74.1267
91.0000,1.0000,51.0000,-70.8023
91.0000,1.0000,61.0000,-70.7160
91.0000,1.0000,71.0000,-70.2386
91.0000,1.0000,81.0000,-71.1922
91.0000,1.0000,91.0000,-65.7426
91.0000,1.0000,101.0000,-69.6420
91.0000,11.0000,1.0000,-14.0780
91.0000,11.0000,11.0000,-6.4312
91.0000,11.0000,21.0000,-3.9512
91.0000,11.0000,31.0000,-2.9021
91.0000,11.0000,41.0000,-0.2919
91.0000,11.0000,51.0000,-1.1463
91.0000,11.0000,61.0000,0.9382
91.0000,11.0000,71.0000,2.5870
91.0000,11.0000,81.0000,2.6167
91.0000,11.0000,91.0000,4.6326
91.0000,11.0000,101.0000,7.6465
91.0000,21.0000,1.0000,-10.7636
91.0000,21.0000,11.0000,-3.4881
91.0000,21.0000,21.0000,-1.6936
91.0000,21.0000,31.0000,1.3476
91.0000,21.0000,41.0000,2.8343
91.0000,21.0000,51.0000,4.5451
91.0000,21.0000,61.0000,5.8160
91.0000,21.0000,71.0000,5.7426
91.0000,21.0000,81.0000,5.9529
91.0000,21.0000,91.0000,4.6208
91.0000,21.0000,101.0000,7.5825
91.0000,31.0000,1.0000,-9.7975
91.0000,31.0000,11.0000,-2.3602
91.0000,31.0000,21.0000,0.3257
91.0000,31.0000,31.0000,1.2330
91.0000,31.0000,41.0000,2.3717
91.0000,31.0000,51.0000,3.9132
91.0000,31.0000,61.0000,6.3530
91.0000,31.0000,71.0000,5.9374
91.0000,31.0000,81.0000,4.9091
91.0000,31.0000,91.0000,4.4381
91.0000,31.0000,101.0000,8.3940
91.0000,41.0000,1.0000,-9.2734
91.0000,41.0000,11.0000,-3.0198
91.0000,41.0000,21.0000,-0.7929
91.0000,41.0000,31.0000,2.2801
91.0000,41.0000,41.0000,0.9120
91.0000,41.0000,51.0000,3.2351
91.0000,41.0000,61.0000,6.1476
91.0000,41.0000,71.0000,6.2831
91.0000,41.0000,81.0000,4.8300
91.0000,41.0000,91.0000,5.2557
91.0000,41.0000,101.0000,5.4916
91.0000,51.0000,1.0000,-9.1973
91.0000,51.0000,11.0000,-2.7088
91.0000,51.0000,21.0000,-0.4250
91.0000,51.0000,31.0000,1.0080
91.0000,51.0000,41.0000,2.8091
91.0000,51.0000,51.0000,2.8242
91.0000,51.0000,61.0000,5.0906
91.0000,51.0000,71.0000,2.6493
91.0000,51.0000,81.0000,6.9027
91.0000,51.0000,91.0000,7.7824
91.0000,51.0000,101.0000,7.1874
91.0000,61.0000,1.0000,-8.7402
91.0000,61.0000,11.0000,-3.6441
91.0000,61.0000,21.0000,-0.1944
91.0000,61.0000,31.0000,1.8265
91.0000,61.0000,41.0000,2.7518
91.0000,61.0000,51.0000,6.8860
91.0000,61.0000,61.0000,5.0158
91.0000,61.0000,71.0000,3.3416
91.0000,61.0000,81.0000,5.9759
91.0000,61.0000,91.0000,7.0108
91.0000,61.0000,101.0000,8.9525
91.0000,71.0000,1.0000,-8.8538
91.0000,71.0000,11.0000,-3.1991
91.0000,71.0000,21.0000,-1.6018
91.0000,71.0000,31.0000,0.5733
91.0000,71.0000,41.0000,1.4990
91.0000,71.0000,51.0000,2.3017
91.0000,71.0000,61.0000,6.2751
91.0000,71.0000,71.0000,7.4219
91.0000,71.0000,81.0000,1.3397
91.0000,71.0000,91.0000,5.2258
91.0000,71.0000,101.0000,9.8693
91.0000,81.0000,1.0000,-8.8579
91.0000,81.0000,11.0000,-3.1919
91.0000,81.0000,21.0000,-1.3301
91.0000,81.0000,31.0000,1.1933
91.0000,81.0000,41.0000,1.4605
91.0000,81.0000,51.0000,1.6707
91.0000,81.0000,61.0000,3.8288
91.0000,81.0000,71.0000,3.0636
91.0000,81.0000,81.0000,2.5081
91.0000,81.0000,91.0000,4.7038
91.0000,81.0000,101.0000,5.0053
91.0000,91.0000,1.0000,-8.8625
91.0000,91.0000,11.0000,-2.6454
91.0000,91.0000,21.0000,-2.2839
91.0000,91.0000,31.0000,0.8148
91.0000,91.0000,41.0000,1.4890
91.0000,91.0000,51.0000,2.8485
91.0000,91.0000,61.0000,3.1406
91.0000,91.0000,71.0000,1.6040
91.0000,91.0000,81.0000,4.5662
91.0000,91.0000,91.0000,4.7109
91.0000,91.0000,101.0000,8.4489
91.0000,101.0000,1.0000,-8.8094
91.0000,101.0000,11.0000,-2.8951
91.0000,101.0000,21.0000,-2.6249
91.0000,101.0000,31.0000,-0.5709
91.0000,101.0000,41.0000,0.3492
91.0000,101.0000,51.0000,0.6496
91.0000,101.0000,61.0000,0.7313
91.0000,101.0000,71.0000,4.0190
91.0000,101.0000,81.0000,3.4779
91.0000,101.0000,91.0000,2.2117
91.0000,101.0000,101.0000,1.2167
101.0000,1.0000,1.0000,-85.7035
101.0000,1.0000,11.0000,-81.0327
101.0000,1.0000,21.0000,-77.6170
101.0000,1.0000,31.0000,-76.1807
101.0000,1.0000,41.0000,-73.5646
101.0000,1.0000,51.0000,-72.0572
101.0000,1.0000,61.0000,-68.2408
101.0000,1.0000,71.0000,-71.4921
101.0000,1.0000,81.0000,-72.1117
101.0000,1.0000,91.0000,-71.4156
101.0000,1.0000,101.0000,-67.9324
101.0000,11.0000,1.0000,-14.3500
101.0000,11.0000,11.0000,-8.7833
101.0000,11.0000,21.0000,-2.9082
101.0000,11.0000,31.0000,-2.8116
101.0000,11.0000,41.0000,-1.9590
101.0000,11.0000,51.0000,-2.0722
101.0000,11.0000,61.0000,-1.3482
101.0000,11.0000,71.0000,2.2562
101.0000,11.0000,81.0000,-0.2788
101.0000,11.0000,91.0000,4.8435
101.0000,11.0000,101.0000,6.9535
101.0000,21.0000,1.0000,-10.8003
101.0000,21.0000,11.0000,-5.2630
101.0000,21.0000,21.0000,-2.8417
101.0000,21.0000,31.0000,-0.5428
101.0000,21.0000,41.0000,1.2723
101.0000,21.0000,51.0000,2.0559
101.0000,21.0000,61.0000,5.1027
101.0000,21.0000,71.0000,3.1733
101.0000,21.0000,81.0000,6.4698
101.0000,21.0000,91.0000,3.2244
101.0000,21.0000,101.0000,2.7779
101.0000,31.0000,1.0000,-9.8993
101.0000,31.0000,11.0000,-3.0056
101.0000,31.0000,21.0000,-1.3254
101.0000,31.0000,31.0000,0.7974
101.0000,31.0000,41.0000,2.1642
101.0000,31.0000,51.0000,2.7822
101.0000,31.0000,61.0000,2.8587
101.0000,31.0000,71.0000,5.2569
101.0000,31.0000,81.0000,6.0793
101.0000,31.0000,91.0000,4.4121
101.0000,31.0000,101.0000,2.1302
101.0000,41.0000,1.0000,-9.6046
101.0000,41.0000,11.0000,-2.7644
101.0000,41.0000,21.0000,-1.2094
101.0000,41.0000,31.0000,1.7688
101.0000,41.0000,41.0000,0.8470
101.0000,41.0000,51.0000,2.8739
101.0000,41.0000,61.0000,7.6099
101.0000,41.0000,71.0000,5.2471
101.0000,41.0000,81.0000,1.8231
101.0000,41.0000,91.0000,5.0563
101.0000,41.0000,101.0000,4.2667
101.0000,51.0000,1.0000,-9.2852
101.0000,51.0000,11.0000,-2.2165
101.0000,51.0000,21.0000,-1.2396
101.0000,51.0000,31.0000,0.8779
101.0000,51.0000,41.0000,3.3083
101.0000,51.0000,51.0000,2.8983
101.0000,51.0000,61.0000,1.6351
101.0000,51.0000,71.0000,3.5240
101.0000,51.0000,81.0000,6.1136
101.0000,51.0000,91.0000,3.7982
101.0000,51.0000,101.0000,0.5024
101.0000,61.0000,1.0000,-9.2451
101.0000,61.0000,11.0000,-3.1940
101.0000,61.0000,21.0000,-1.2464
101.0000,61.0000,31.0000,-0.0029
101.0000,61.0000,41.0000,2.0176
101.0000,61.0000,51.0000,1.1562
101.0000,61.0000,61.0000,0.5019
101.0000,61.0000,71.0000,2.5637
101.0000,61.0000,81.0000,1.5309
101.0000,61.0000,91.0000,7.8882
101.0000,61.0000,101.0000,5.2285
101.0000,71.0000,1.0000,-9.0158
101.0000,71.0000,11.0000,-3.7357
101.0000,71.0000,21.0000,-1.6684
101.0000,71.0000,31.0000,0.4464
101.0000,71.0000,41.0000,1.3671
101.0000,71.0000,51.0000,1.0346
101.0000,71.0000,61.0000,4.6107
101.0000,71.0000,71.0000,2.4155
101.0000,71.0000,81.0000,7.5882
101.0000,71.0000,91.0000,6.5260
101.0000,71.0000,101.0000,4.6797
101.0000,81.0000,1.0000,-8.9673
101.0000,81.0000,11.0000,-3.4734
101.0000,81.0000,21.0000,-0.8037
101.0000,81.0000,31.0000,1.0526
101.0000,81.0000,41.0000,0.6791
101.0000,81.0000,51.0000,2.0028
101.0000,81.0000,61.0000,1.2776
101.0000,81.0000,71.0000,-0.1714
101.0000,81.0000,81.0000,4.7582
101.0000,81.0000,91.0000,1.6430
101.0000,81.0000,101.0000,1.7496
101.0000,91.0000,1.0000,-9.2013
101.0000,91.0000,11.0000,-3.1198
101.0000,91.0000,21.0000,-1.2796
101.0000,91.0000,31.0000,-0.6261
101.0000,91.0000,41.0000,-0.7304
101.0000,91.0000,51.0000,-0.0985
101.0000,91.0000,61.0000,-0.2833
101.0000,91.0000,71.0000,4.2080
101.0000,91.0000,81.0000,5.7861
101.0000,91.0000,91.0000,3.7083
101.0000,91.0000,101.0000,3.7387
101.0000,101.0000,1.0000,-9.1195
101.0000,101.0000,11.0000,-3.1769
101.0000,101.0000,21.0000,-2.6954
101.0000,101.0000,31.0000,-0.8975
101.0000,101.0000,41.0000,-0.5384
101.0000,101.0000,51.0000,1.3248
101.0000,101.0000,61.0000,1.1230
101.0000,101.0000,71.0000,1.0972
101.0000,101.0000,81.0000,0.0008
101.0000,101.0000,91.0000,3.5778
101.0000,101.0000,101.0000,-0.0544
