3.2281,33.8504,7.6638,-10.6908
50.9441,55.0954,70.9266,13.6318
30.6401,81.2846,34.8298,7.6846
90.7006,3.6704,7.1174,-22.9128
55.7469,71.5952,43.4509,4.7261
50.2413,67.6515,95.0364,13.1408
68.1306,54.4524,79.9741,9.4811
48.5683,61.4386,78.5083,11.4687
24.7025,98.4552,0.5137,-16.6407
34.7107,57.7025,72.2041,11.4016
29.2350,70.3116,45.1620,8.5198
85.5712,25.3530,64.3524,6.4672
2.0082,64.0340,7.3293,-51.5046
82.2915,95.4293,61.5152,1.8617
64.9216,72.0519,38.8633,2.8088
87.6606,81.4429,95.8118,4.3734
45.3269,17.9139,12.3649,-0.1702
97.5671,55.0726,39.1651,1.1306
5.1750,80.2635,75.3659,-23.3742
92.5695,32.0234,70.5742,5.3423
26.1969,31.8625,77.2626,17.0009
69.3474,17.3056,41.1856,3.7417
70.2175,32.3310,88.4554,8.2989
8.9286,26.6002,44.4276,16.8815
45.1381,6.8023,44.5130,4.6581
97.6603,73.5799,63.5812,2.6052
14.8876,23.9365,61.4224,22.3289
32.3142,8.2209,16.2535,1.1094
27.2985,14.1674,64.9763,13.4350
1.4843,59.3264,6.1008,-66.0393
5.2305,94.9579,32.3084,-24.2707
50.6763,44.5282,18.9022,4.8367
56.4038,68.6108,10.0714,-0.5995
55.1495,35.9107,38.5072,7.9023
51.5869,75.6856,49.9327,6.6894
36.0319,26.0054,91.7886,17.5602
44.2976,99.8345,24.9270,1.0939
42.7705,71.1853,20.2947,3.7608
21.3639,3.8068,56.1839,3.6415
85.4401,32.4215,53.7352,6.3897
23.1262,26.6394,50.7092,17.3740
32.1848,35.8972,16.7008,6.0483
97.8560,34.1984,8.8248,-4.7633
81.3858,79.4200,70.8457,5.0958
62.2695,9.3136,24.1111,-2.9062
62.5117,84.0552,35.0244,1.3662
3.2635,72.7727,41.3196,-39.9333
94.5128,35.0018,78.6827,4.5884
60.5869,23.2008,56.5770,6.8341
41.2934,57.4411,43.3896,10.1010
80.6017,29.9316,14.5177,-1.9024
3.4203,95.3917,92.9062,-41.6855
81.1427,25.0996,0.0302,-147.0197
45.9560,27.6066,30.6073,9.3823
50.6557,74.4728,95.0731,7.6025
46.4643,26.4249,31.9925,8.1064
42.7887,28.0740,72.3340,15.1698
27.7856,45.1326,77.5212,14.3083
11.0204,75.9319,0.9700,-16.2698
67.7586,72.0770,23.7862,1.2762
50.7214,34.7808,89.5643,10.2036
16.9616,87.4382,16.7089,2.3513
44.2001,61.6725,23.2768,4.8393
97.3279,69.8961,76.0524,6.1375
23.3037,10.8758,95.2081,16.7047
70.1855,23.7581,38.7393,6.0372
84.7066,31.5852,3.4566,-5.8968
12.7372,25.0743,73.7826,18.2871
22.2909,67.8188,71.0327,12.1179
37.7832,95.2904,44.9742,7.6594
5.3335,55.5238,1.6806,-17.4189
39.4447,29.1346,87.9926,15.8614
18.8197,61.1612,93.4881,15.8711
57.8137,59.2097,8.7351,-1.8079
73.4963,36.8548,62.6815,7.0731
66.5644,0.5493,66.6060,-131.9693
16.5667,84.8941,94.4971,8.6167
91.7488,14.1425,69.6659,6.5811
58.5286,36.8376,38.6499,9.3592
27.8107,17.0404,80.0055,17.5629
0.8673,69.6506,25.2004,-114.7333
74.7899,41.5224,63.6968,10.3305
22.4851,12.8699,29.7989,13.8633
7.0331,86.4840,49.7630,-11.9890
1.4906,50.9837,7.8147,-66.2122
58.9492,92.7125,97.7225,5.9800
16.7878,96.8779,35.7846,4.4274
23.8955,74.6673,77.7680,4.4026
15.9651,77.5790,56.1893,10.9414
80.7046,55.0061,87.4533,8.0887
90.1788,11.1980,77.6072,4.0081
75.5103,93.4585,54.6231,1.2186
76.7239,50.8427,19.4673,1.3322
0.5862,50.3663,38.6435,-165.9333
97.2345,87.9472,1.3887,-8.0208
49.1174,97.9160,69.1345,4.2510
25.5778,49.6737,92.4031,19.6753
18.4809,90.2637,69.3444,3.5976
79.3849,58.2090,38.2749,3.6816
90.8811,89.4785,99.9282,5.0022
51.7326,79.7300,23.3190,1.9544
31.1566,25.0129,49.8284,17.3707
99.1100,19.1812,64.7791,3.5061
45.1632,21.6233,41.3092,10.5883
34.1638,72.4238,66.6783,9.8520
16.4396,6.9647,23.2953,11.0017
6.9449,81.3664,85.3677,-14.6722
96.0600,51.0159,98.3854,4.9862
49.5885,16.1696,92.5274,13.8455
17.2267,81.7068,76.1917,6.9966
96.3231,23.2043,31.4182,1.9075
1.0904,1.8807,59.8212,-31.7308
52.3821,1.2405,77.7403,-47.4492
4.5556,6.0779,20.0967,13.3719
6.4937,54.0366,99.2021,-7.2449
41.4566,67.1955,58.8335,9.6203
16.4318,73.7949,31.5736,11.1339
16.9000,75.1248,95.2222,6.9485
49.7382,54.5403,75.5004,11.5778
97.9853,8.8604,7.4679,-10.7495
29.9966,18.4645,97.5557,16.6557
7.9955,38.2647,58.2356,6.5665
4.3719,53.1006,37.0268,-16.2686
63.1260,37.8138,46.0025,7.0899
38.5075,68.2776,59.6437,10.9370
29.3418,84.8040,2.3917,-5.3195
36.2932,75.7571,73.0908,9.0288
69.4303,48.2778,40.4942,4.5572
75.6434,63.7214,67.7490,9.5556
29.4630,45.8600,16.4210,7.1015
86.7287,71.0552,66.7567,3.0983
59.3755,82.9897,33.3987,4.3688
14.6027,40.8049,64.9411,19.5235
48.6383,3.3513,52.1914,-8.2523
45.7357,66.5521,4.9561,-3.2077
11.4117,71.3756,22.7813,6.1395
15.3622,7.3906,29.7265,13.1038
22.6086,65.6552,57.7063,11.9982
90.7563,83.7161,33.0870,0.2334
10.4944,96.2027,38.6172,-4.2195
53.9962,93.5633,21.7772,0.4501
65.3796,84.7028,45.3589,4.4845
10.1402,34.9736,62.3973,15.5055
53.3254,64.5901,61.8081,6.8758
22.8353,83.0771,42.3409,7.5853
53.0098,31.9235,34.8518,7.9097
27.2397,65.1188,38.7442,11.4006
82.7921,47.5110,11.1201,-2.9694
27.9856,60.5901,32.5610,9.8501
93.6572,0.2642,96.1037,-288.5201
20.4681,42.1829,72.4380,12.9301
69.0496,71.9902,83.4942,4.6247
57.5244,98.7481,89.5246,7.2463
63.1149,95.1608,80.1785,5.9432
49.4633,87.6797,30.2401,1.8066
34.6753,15.3174,14.9048,3.3412
20.0425,39.5947,71.9923,17.1406
21.0512,58.0712,90.2438,14.9419
44.8420,94.2641,93.6261,4.4589
22.2709,64.8293,61.8215,17.0522
85.2870,42.5002,35.0053,1.9125
95.7916,92.9413,52.6417,1.5059
54.4621,31.2393,43.3386,9.3551
64.0135,27.7397,99.3481,10.7470
72.2680,39.9609,35.8010,5.8417
68.4122,2.7420,71.9889,-14.6697
40.5889,88.9588,78.2958,7.1319
51.5907,98.2196,35.7334,3.8056
24.5045,53.1837,30.5800,12.7559
98.8411,12.5316,67.5046,1.7265
28.2887,5.1934,30.5874,4.3586
2.8682,49.5070,81.7341,-41.2366
44.6449,83.9935,18.2287,2.5154
45.5517,49.8135,20.5482,4.0338
3.2322,4.3078,72.9476,7.7059
32.5158,98.6305,39.5102,4.1066
55.7286,73.4585,66.8232,7.5412
5.4069,24.0334,87.6746,4.1763
18.4415,90.9950,19.3112,1.9037
12.0693,94.6021,27.2803,2.0670
60.7342,49.0510,10.0754,-1.2513
28.7851,86.8349,94.1088,4.9088
67.2793,10.6003,37.0397,3.5205
2.0094,0.4350,9.2834,-148.6706
47.7677,93.6746,56.8231,2.0049
4.0915,60.3585,5.6647,-19.5439
94.6365,29.2128,97.3947,7.6875
5.8809,33.8410,90.1574,-3.8796
3.1517,5.1527,50.2264,9.1131
15.8753,80.1491,8.4508,1.5810
76.2660,79.7724,29.8648,0.7392
1.6747,62.2849,79.3762,-70.9118
0.8388,58.4681,38.3858,-119.7467
17.1604,23.3466,43.6238,18.7280
49.9280,81.0444,49.8745,6.3057
35.7700,7.2911,66.9282,12.1033
14.0152,30.2846,40.0144,17.6474
75.1461,72.6340,9.2727,-2.8248
93.5127,65.3315,81.8980,5.3108
50.7673,70.7432,29.0930,4.9567
71.4141,42.5930,76.2114,8.4443
18.5613,20.5814,16.0893,13.5429
80.4238,14.2748,40.0433,2.6415
24.2744,26.4843,4.3398,-2.0980
95.5551,15.3569,26.3519,-1.9818
49.3544,65.4022,48.6920,9.8941
94.9950,55.4099,83.7800,6.7540
64.6585,73.0373,2.9506,-5.2116
64.9534,89.4955,64.5204,3.0974
27.9554,31.8798,26.8793,11.6310
97.0409,54.8201,62.2330,1.1047
70.4791,61.5872,36.3342,3.2733
59.3977,83.3004,57.2236,5.5838
70.7918,51.4500,15.6002,-0.9568
7.5138,61.8278,97.2635,-4.6563
4.2429,16.2292,22.1713,14.7342
40.7786,17.5444,65.1236,14.8904
18.9093,39.4618,71.2549,19.1794
76.7197,28.0908,40.2959,4.4078
65.0201,15.3873,61.8349,8.3751
25.6995,77.3875,14.0429,4.7499
27.1094,61.3260,62.1775,13.8026
0.8071,67.8279,74.9323,-121.6800
84.4294,95.9352,25.8559,-0.9213
54.1072,24.5139,40.0600,8.0174
15.5456,59.8636,76.0055,12.3832
37.1395,93.6518,20.8173,2.3285
1.7572,86.6744,62.0648,-65.6118
96.5627,80.7308,69.4631,1.0536
45.9850,14.9160,72.2091,14.1519
59.8906,56.1034,27.3184,3.3948
7.9675,53.8009,82.0488,-0.9635
46.5233,13.1555,98.0566,13.7631
27.8140,89.3231,38.9120,7.3538
35.0338,16.5525,13.6298,3.6252
91.7402,91.6613,2.8493,-5.5914
4.9446,83.5815,47.5407,-23.7869
71.4407,88.9194,68.1786,2.9685
45.9026,20.4195,84.2117,11.5127
97.7390,38.9050,92.3966,5.8051
7.2142,31.1960,57.8769,11.9106
13.3256,65.1648,40.3335,10.1246
90.3397,12.7730,84.3536,3.8549
14.8646,49.7793,63.6266,12.6879
46.2478,80.6107,9.3137,-1.9164
55.7600,84.0677,0.8066,-10.5232
12.4507,30.2764,61.9073,25.0331
61.3279,1.5617,84.5520,-35.2641
25.1961,57.0594,74.2871,17.5784
64.0502,15.7369,28.4156,2.8049
28.8661,87.7570,20.4477,4.4844
49.1005,33.6316,18.6800,3.5775
97.6723,97.3120,40.9554,-0.4652
83.1536,27.5382,73.9775,4.9763
47.1633,63.1160,67.6371,9.6306
91.6926,36.3831,51.5375,3.5701
20.5198,70.2893,80.3297,12.4531
79.5611,0.3049,58.6426,-250.4509
42.7007,48.6010,58.7819,14.3934
8.5766,16.6675,22.9104,20.8549
18.2693,18.1992,48.8957,19.2324
55.1963,22.7552,30.4485,7.8986
29.5170,95.9189,36.2736,4.9156
65.7459,11.3714,38.5654,4.0992
59.0237,0.9670,44.4253,-70.9991
50.8257,69.5682,67.0811,10.6745
89.4649,79.2845,91.1912,7.0052
5.4704,57.0179,82.2213,-10.8795
42.4640,84.5769,66.1193,3.0278
10.7878,13.2376,69.4565,20.4730
20.9476,30.2280,67.4755,16.2097
62.0035,64.4981,41.5672,3.1212
72.8493,6.1430,25.9350,-7.8767
66.3877,14.7056,89.2325,9.1871
49.8940,54.7545,85.5352,14.9719
80.9694,37.6060,3.5787,-5.4703
43.6892,38.4384,32.9038,10.0879
38.7507,19.7722,2.2253,-6.6780
68.0889,67.8866,95.6173,5.7169
9.8432,48.4108,95.2800,10.1402
67.0786,78.3641,66.1139,5.7182
88.4104,57.9085,35.5698,2.1994
21.0997,74.7622,22.8367,6.1118
95.9012,53.7432,54.5728,3.3946
42.2585,7.6495,49.8281,7.2724
30.3310,56.9615,97.3988,9.2682
72.2797,49.9387,55.5069,6.6901
46.6639,92.3634,17.8609,0.5296
95.3442,59.7871,55.7077,0.9597
76.3992,71.9861,7.5299,-3.4161
11.8551,76.5981,18.8368,4.6070
21.7271,51.5015,46.5949,12.7592
48.4337,39.7214,81.2653,10.9760
98.4099,98.3824,72.4436,1.4851
98.8282,50.0460,37.4089,3.6198
80.4982,49.0411,57.0817,5.8420
71.8913,87.0812,68.4404,3.9741
94.6768,27.0218,1.9728,-7.7803
76.2313,4.2808,64.1344,-5.3596
39.0474,60.0738,25.3516,6.4971
62.6983,60.3319,26.6709,2.1730
74.8135,27.1734,48.7650,4.9830
53.5922,5.5394,60.4468,2.5225
81.3409,17.6890,98.3521,9.5302
61.2402,88.7479,9.8903,-1.8994
40.4744,10.8612,54.7712,10.5024
26.2612,44.3285,93.1567,13.5856
27.3964,34.0089,71.5136,17.3379
64.3882,47.2203,45.6427,8.1738
5.0853,4.2737,99.0540,4.9824
94.9084,57.7869,29.1102,0.4312
1.3416,45.6728,32.9533,-85.3777
60.7222,0.6141,0.3727,-144.2661
55.8570,54.6927,90.6037,11.0404
20.1356,27.3386,7.5485,3.2022
62.1701,24.7164,91.9272,10.2012
51.1699,80.0515,75.1936,4.3962
8.2929,6.0960,36.9186,12.9529
42.8140,49.0072,49.0003,11.8223
85.5162,96.1807,97.5213,3.8931
70.7904,66.7478,67.4473,5.4677
31.4826,58.6413,65.5584,13.7234
90.4216,39.7490,63.8090,3.9651
63.2128,98.0332,90.2463,9.1940
64.3239,24.9196,79.8897,12.4899
90.2888,96.9656,60.8183,6.1433
70.5667,23.6461,45.7579,7.7380
71.0970,16.5024,19.8926,0.4086
16.3253,88.9760,8.8595,-2.1320
59.3693,97.4032,67.6926,7.5307
55.1470,84.9451,93.3573,6.5405
75.7499,48.2647,99.7796,10.0830
67.5360,32.4117,49.6584,8.3680
4.9545,95.3330,25.9571,-25.8959
39.4920,84.8883,76.2202,6.5352
94.6047,71.1383,3.0058,-5.5538
35.6652,64.1971,60.4117,12.3895
72.6804,87.7985,94.2567,5.1733
88.5465,26.3472,85.4131,5.7320
93.4593,77.9497,25.3919,-0.2769
82.5710,16.0857,14.3606,-2.7425
91.9299,56.0782,94.1618,6.5180
49.2588,92.5991,91.0923,9.6065
66.4241,56.9371,81.3776,8.7662
53.5996,54.3036,26.1218,4.8287
18.4833,4.1597,77.3824,1.7072
79.4504,64.9495,12.3072,-2.0859
37.5988,52.2817,7.6128,0.0131
90.2056,77.8533,2.1466,-6.3510
15.8118,73.5906,4.4640,-3.2092
30.3922,8.8785,39.5816,11.5493
60.4304,56.2399,56.3998,7.4558
91.6130,66.0520,73.9443,3.9561
98.9530,74.2234,13.5257,-1.7850
59.8118,49.7275,46.5561,8.0154
96.0284,21.6656,0.5893,-13.8601
45.6685,75.6386,71.0758,11.9055
46.2325,71.0550,9.7793,-2.1817
85.2015,59.8561,89.1552,6.8845
1.3472,53.3070,97.2577,-87.6030
64.5293,69.9142,87.4402,12.5776
74.3175,49.8673,21.6218,1.6957
5.3029,57.8955,10.3344,-8.1836
81.4190,21.7955,7.3986,-4.8327
27.0165,9.6299,74.8359,12.7004
48.3158,27.8847,45.7421,14.9122
30.7321,33.9529,57.0693,15.8757
69.2705,45.6565,49.6500,6.4976
19.5743,14.3397,89.4007,16.2866
10.9722,46.1290,42.9669,14.0872
88.1659,82.1348,92.9799,2.4647
28.8086,26.0263,3.3755,-3.3965
18.7456,67.8786,78.9787,10.0896
62.8808,95.1542,85.2822,5.3694
63.7273,67.4496,25.6910,1.6823
81.9658,49.0080,23.0780,1.4476
81.5717,82.5523,16.3391,-1.1789
32.3939,88.6638,52.8986,5.4194
98.5548,52.1956,96.2604,4.8098
6.5969,85.1087,3.5129,-18.2775
43.8212,45.7902,62.6095,12.1648
27.2835,54.2851,31.8952,9.6734
1.5026,15.1691,34.0392,-78.9229
99.6352,37.4148,25.2258,-0.2760
98.1088,84.6580,3.2230,-5.7603
54.1177,84.7695,14.9112,0.2194
82.6111,82.1933,46.4186,1.1002
83.6491,21.8019,23.1778,0.9005
17.6985,49.3996,10.8904,6.3358
99.5332,31.8133,93.9952,6.6739
83.7989,18.5920,4.4393,-6.4542
89.6273,16.0062,5.3473,-6.9191
2.2010,44.8115,62.6887,-52.3049
48.3470,59.7160,32.4907,8.5329
81.4783,0.4655,16.0426,-169.8014
17.4133,33.5267,97.9854,17.2920
65.8255,19.6041,52.7473,9.2615
73.2294,27.3645,60.1444,9.0460
64.2341,80.5050,81.9924,5.8086
17.9510,13.1944,93.7045,19.2768
45.4069,28.0545,37.7643,9.7957
14.5461,30.0595,77.8789,18.8479
37.0965,63.1113,98.6214,13.6869
57.3406,30.4327,55.6482,7.4573
8.5493,92.4145,9.5534,-11.3540
57.2281,88.4876,29.9773,4.8378
14.9949,72.4691,62.1547,6.0885
34.7519,98.4307,34.3580,4.3498
20.8596,57.4308,30.1077,11.4519
23.2212,14.2408,91.9559,15.9318
85.8300,14.1148,1.1542,-11.8493
78.7003,18.4918,12.1643,-3.0943
33.2314,27.4496,91.6817,17.9085
67.9665,48.8344,65.0178,7.4162
98.0678,14.6707,11.1901,-5.7917
87.5639,96.2790,63.5951,2.7057
43.4335,2.7251,74.1690,-8.4989
14.1948,21.9090,55.0359,19.4990
45.1745,80.4956,68.6689,9.2841
65.4079,57.7993,37.3979,3.4716
93.7211,58.7920,18.5673,-1.8368
20.8743,10.9594,76.3830,16.1542
6.5048,2.9914,40.4583,0.9475
79.6210,17.2030,96.7561,8.7175
44.0972,14.3900,67.1800,10.2347
43.9384,48.7524,63.9482,12.9869
43.6149,55.7406,35.6524,8.4907
69.0933,34.9789,48.6861,5.4232
10.2745,39.3797,89.5150,13.5154
19.0954,43.9194,10.4770,5.6416
71.5405,20.7651,1.0405,-10.3451
62.1266,53.3452,99.2627,11.4127
62.5179,72.5730,5.7040,-3.7274
44.1814,58.1223,5.8513,-2.8933
10.7669,65.4104,87.1505,6.2803
34.2069,5.0542,59.7294,3.2933
85.4010,21.9964,38.1190,2.8701
64.0741,3.6819,6.8399,-21.8723
42.2655,7.3477,57.0870,6.0677
36.6414,92.3543,44.4205,4.7034
95.2152,55.1276,8.9082,-2.9027
57.3070,74.0740,81.4324,6.9855
76.2575,78.2689,6.6525,-3.2523
18.3649,17.3374,67.9115,17.8624
99.5279,48.1125,32.8614,0.9169
63.7213,92.4966,57.3605,4.1077
35.0801,38.7336,23.4566,7.0378
32.3641,54.1811,73.8624,13.4089
10.2587,13.1270,99.1168,15.7254
83.6580,68.0243,40.8708,1.4062
5.8699,71.7038,40.4789,-12.9321
52.0745,11.5183,20.4118,0.7989
9.6769,61.7137,82.4714,13.4657
54.2676,73.5764,22.6732,3.7615
86.9100,95.0590,79.9113,5.3183
93.4834,50.0732,14.6061,-1.2721
22.5720,12.4815,71.6344,15.2425
4.7867,75.5249,48.1463,-21.6786
30.0478,69.7137,71.9969,4.3210
19.4724,79.3326,79.7540,6.4149
21.2216,46.4426,67.4058,17.8613
98.5395,34.4820,81.6317,6.2664
11.2805,54.1504,36.8136,13.9874
86.1130,69.8597,46.1407,3.8952
86.2050,9.2854,7.0883,-9.4178
81.6388,50.7561,6.6026,-3.6019
78.6373,91.9566,26.5390,-0.2701
42.3606,48.0352,6.9156,-1.3637
77.1788,84.7620,77.8037,4.1231
47.7762,9.7669,44.6691,6.5880
24.3169,15.5183,78.8606,13.8662
46.3076,62.8773,67.1888,12.1230
8.0975,71.9125,73.2767,-5.5591
48.3698,85.5214,32.7208,2.5725
63.0841,0.0391,91.8932,-2028.9960
54.2559,35.4137,57.5316,13.0147
85.0301,49.8049,62.9962,4.8746
99.9727,25.7117,0.9054,-10.5673
52.4817,53.1224,56.4446,9.4604
28.8966,96.6436,94.1729,8.1931
62.1203,71.0980,71.0470,7.7706
67.8492,59.4341,61.9852,7.3511
37.7251,67.8603,80.8106,17.1192
50.5403,21.9918,75.2372,12.9416
68.8176,32.0672,43.5269,6.5028
59.0145,75.0653,92.5180,12.6226
24.3531,24.1259,22.5528,13.9391
44.0134,77.8733,17.6345,2.0646
53.1433,14.0208,34.6724,3.0489
89.5524,59.5101,40.9056,1.8525
52.9387,78.3776,86.7250,7.0256
44.0310,71.0797,81.4942,10.2308
67.8817,10.6647,22.3035,-1.9610
30.6342,47.6290,94.0355,15.4701
61.7584,37.4506,19.9151,1.7378
15.1338,31.1146,76.3624,18.6272
89.4644,32.8834,44.2199,3.4523
42.9093,20.6941,44.0430,13.5603
11.4580,37.9067,98.0510,18.8830
22.4541,64.0962,73.8595,12.9033
36.1141,2.9783,54.9553,-6.9512
74.1579,46.9789,55.2041,8.1520
60.5752,98.0046,40.9644,2.1499
84.2662,63.8980,60.7188,5.8835
74.6007,66.4936,3.9733,-4.4567
22.9162,67.9771,97.2593,13.4213
49.4140,57.6196,95.2716,11.8864
88.2241,74.3916,36.6178,0.9413
32.2181,18.5729,77.8387,12.9242
45.1734,50.4024,35.9695,8.0065
11.3851,62.1356,18.7454,8.7178
1.8113,9.6001,92.6583,-30.5133
10.8800,16.5263,41.9988,21.1940
71.7891,66.2941,23.6084,1.5624
28.9370,15.5678,11.3912,3.3461
77.7330,39.8930,54.5646,6.3160
92.2652,64.8502,90.9940,4.2807
53.5775,68.9674,1.9717,-6.0262
93.8732,92.9465,13.7807,-2.8669
24.6700,83.1003,50.8496,4.4362
8.9702,66.1043,47.0355,8.4959
86.9144,14.5128,22.3395,-2.7887
30.6807,83.8296,19.8012,3.9412
48.3522,20.2266,44.9788,10.7268
77.6826,71.8997,51.0738,3.8697
28.6224,50.5840,18.2093,6.2155
42.4817,15.9837,54.0718,12.0968
79.8426,93.9532,46.0557,2.4245
55.6054,88.2110,38.3036,3.0985
9.5200,39.1566,17.0577,13.8071
93.2159,35.3261,14.7949,-1.8429
46.9064,70.2826,35.2566,7.2365
4.8035,51.7252,76.2491,-13.8622
98.4256,29.2618,69.5743,4.1778
55.5181,63.9776,56.3958,8.4054
27.8150,79.8955,97.6600,10.1006
96.6783,87.2063,18.0893,-0.3092
41.2711,17.6630,50.0806,12.2094
41.6999,15.0334,3.3862,-6.6357
73.8135,10.4057,11.1281,-6.4832
70.2528,70.6387,38.6254,3.9797
8.9759,54.8159,54.1479,5.8804
90.8854,4.7722,66.7668,-4.7560
90.1175,91.8728,49.3539,0.0386
49.6550,98.1017,81.7083,7.6561
62.9367,33.1125,31.2689,7.3619
39.3204,31.6323,84.3893,13.1267
91.0312,90.6742,15.5658,-2.8597
97.9201,64.8804,25.3855,-1.2167
1.7222,60.2405,13.0401,-63.5616
24.9125,29.0190,87.4980,14.9261
34.0193,3.7292,18.6859,-9.9304
27.5336,24.2794,90.5657,14.7205
55.4372,69.5704,55.3903,6.8641
26.0724,14.3922,27.1817,12.1909
10.4994,67.4554,56.5953,5.7094
64.5579,54.0800,30.0372,5.7863
48.2080,77.9488,67.4258,5.2093
31.1914,4.4277,27.1450,-0.1544
81.9664,64.7004,89.7599,7.2148
80.3913,82.5259,46.9189,4.2901
73.1156,3.3751,62.1586,-11.0295
61.9628,56.1079,88.2829,11.3173
54.0038,71.3406,4.2041,-3.6424
38.3799,81.1254,58.9382,9.0706
23.1139,23.4516,96.3161,16.3279
99.1562,15.3063,16.4939,-3.9572
17.9360,31.2253,66.5195,17.5745
26.0427,95.2138,12.4584,1.6750
57.6238,28.0424,2.9470,-5.9588
85.2947,34.0006,11.5453,-2.9060
91.2159,41.9186,34.8746,1.7792
45.6456,35.8597,98.2966,16.0858
56.4809,15.9376,91.4281,12.1573
94.3221,58.7757,71.6687,5.5204
71.0088,86.3310,72.5037,6.9572
43.1027,9.6159,66.5370,10.1048
77.4369,11.0374,4.3732,-9.3905
55.4623,31.0908,1.1579,-9.2295
59.0570,12.8136,24.7949,0.0834
92.4920,62.1475,45.4371,1.7689
60.6511,7.2553,28.0044,-0.3774
41.2973,27.6188,36.1324,10.9762
53.0462,93.0132,40.0362,-0.8476
39.3971,41.1758,57.7047,15.5715
75.6852,33.7774,52.0543,7.3795
10.4900,27.0595,94.2900,18.1474
87.9765,88.2290,86.9734,7.2413
47.7493,5.0194,34.0122,-1.5550
69.7935,34.0715,52.3984,10.4965
49.4640,92.6163,48.5188,3.3471
96.7901,66.7370,64.7784,2.8614
94.9883,94.6133,88.9028,3.1441
20.8690,48.1971,15.2231,7.7045
99.7686,40.3557,32.5414,-1.5167
9.7018,7.4829,82.3114,13.6248
47.8299,85.2033,8.6921,-1.5922
79.9777,62.4262,27.8402,1.5017
89.3058,49.7147,70.4702,8.3276
53.3281,99.8279,24.3301,-1.2271
58.9187,82.9883,11.2958,-2.6351
36.7883,61.0088,91.7199,10.8909
2.7708,25.0153,52.4507,-36.3406
99.6860,22.0573,15.8856,-1.4736
14.0159,54.6619,91.6245,10.6782
29.5844,92.1774,45.6885,4.1694
43.0886,38.2045,99.0025,16.2684
18.3826,91.0633,35.9056,4.6679
50.0982,15.1587,79.5596,13.9389
22.8799,96.2836,34.7037,2.7513
36.1952,81.9236,36.0258,5.0820
24.6684,51.0809,30.3903,14.4602
29.6961,25.9267,88.0368,19.1811
29.8108,66.6937,15.8239,4.7964
49.1970,10.8913,29.3021,4.2204
72.6303,44.6168,59.4444,5.8968
65.3736,54.5494,45.2225,6.5528
38.3440,44.7225,83.4344,15.0245
91.1286,36.4696,4.1084,-5.2523
32.1308,98.7727,42.5489,5.1894
13.1927,28.3995,71.3623,19.1958
46.9097,7.3897,21.6393,-1.8538
12.5062,30.7032,69.6962,16.8976
74.6408,32.7556,94.3963,5.7415
85.9334,60.3172,55.7507,2.2428
84.2981,4.5330,98.4012,-5.6988
40.6825,0.0932,81.7890,-832.9210
28.3451,61.3437,73.2230,14.5837
68.0853,42.1246,21.2816,1.7824
38.9505,16.3323,78.6425,12.7685
40.3720,64.7184,30.2929,8.0328
48.0145,0.6568,1.9879,-125.5164
70.2503,48.5477,95.3175,12.2451
68.4393,76.2832,50.9158,5.3713
56.0634,46.4201,29.9902,6.1840
50.5884,10.8804,91.4818,11.1512
57.8747,38.5911,69.3115,8.5076
75.5799,95.5650,92.9429,6.2865
43.5936,23.4532,65.1050,13.4188
57.0116,41.1412,62.3294,12.2810
84.0118,66.9628,25.9223,0.9336
80.4015,2.0526,78.5426,-25.1379
92.9326,21.3595,53.5353,5.1217
82.5980,47.2377,99.8290,12.4296
66.1705,21.9604,28.9766,2.2201
72.8461,64.1211,65.0599,6.2937
76.4634,31.2335,96.9398,8.5211
47.6697,96.9194,81.1213,7.7787
93.7918,50.9037,10.3903,-2.8359
57.1205,14.7359,46.4759,6.2131
87.9907,47.7374,12.2429,-2.9847
45.2124,12.8615,62.3933,9.9067
94.0638,26.8818,62.6056,4.5061
52.2969,51.2660,49.5491,7.1523
19.7416,33.6359,19.9590,11.9162
54.9130,37.9334,10.9610,0.1127
48.5453,5.8690,70.6023,4.6163
85.1127,95.2022,61.3503,2.2959
26.1364,59.6879,38.1421,14.7389
46.7036,85.0458,73.6514,7.5828
4.9665,42.3533,1.9474,-13.2589
32.1556,63.1772,40.1730,10.5112
48.4214,23.3528,79.1174,14.6526
0.4187,67.1363,15.9132,-207.4733
46.9468,8.7326,29.8570,1.8663
7.2980,3.9676,24.5236,7.4666
38.0269,52.7728,83.1644,20.4694
22.0781,38.3531,50.7288,18.8099
56.4384,89.9390,59.1129,6.8061
19.4381,86.3331,76.4992,14.2520
72.6383,23.7180,2.2848,-6.9248
69.7570,63.6796,42.2969,5.0039
33.5374,28.7228,96.9171,19.6317
0.4179,84.4169,8.0777,-204.2800
94.6327,42.8098,75.6198,9.5377
99.8744,82.1218,7.4969,-4.5099
31.3390,42.3678,10.4044,2.3280
35.8925,46.2618,83.7188,15.8382
93.2681,95.2221,14.9113,-2.0797
7.9828,21.5350,27.7273,18.6216
81.8273,26.1933,90.0209,11.0295
69.0012,78.0787,33.9891,3.2638
68.6154,68.2016,37.2674,3.8019
19.3441,18.4174,57.7970,18.5278
2.2584,48.5733,38.3725,-51.3985
19.0506,6.2566,18.4753,6.3810
5.0211,27.7138,61.7776,2.0036
31.2405,71.8231,56.6039,11.9771
71.1773,0.7121,37.4925,-102.6917
8.4338,7.9506,23.8174,18.3567
12.0775,50.6828,23.6154,11.6019
76.0327,70.2837,44.8643,0.9370
76.1324,20.1831,16.4590,-1.6097
48.7243,17.4999,94.7411,11.2061
22.7749,25.3282,49.2433,18.9734
12.4522,29.1249,54.6170,16.8401
63.9871,78.2627,85.6599,4.4889
48.5357,85.8149,17.0943,1.8592
6.7898,87.6708,52.5490,-7.1796
77.6853,1.3237,38.9116,-51.3535
93.7252,39.7460,8.4891,-3.4739
43.7986,35.6545,20.4211,6.5746
41.1429,33.3547,31.0725,11.0446
75.0024,16.6726,87.6595,9.3239
41.4441,54.1067,40.8076,12.0005
2.9699,53.7184,8.2595,-28.5229
8.4461,31.2493,65.4010,16.5561
86.3441,87.9559,7.3033,-3.7650
83.1291,21.0149,26.4028,0.8562
65.9691,98.2700,90.0200,5.7272
14.8427,59.8606,65.4851,14.2050
48.7522,93.9157,82.5469,7.8829
96.9501,62.0412,79.0920,4.0707
86.8355,8.6582,39.7780,-0.1204
21.7173,93.1313,70.1656,8.4196
94.8698,45.1300,15.2920,-2.4084
26.1110,15.8805,87.6436,13.7592
29.2647,65.8615,78.2327,13.2528
42.8789,37.3807,23.6041,6.1205
76.3999,37.3629,95.0376,11.3033
80.0027,60.7586,6.6594,-3.9389
75.2806,53.9356,75.2474,9.6018
92.4533,98.0187,65.7382,1.4477
53.5760,85.2471,82.2380,8.1066
19.5862,1.0653,67.5636,-51.8292
89.9237,59.5941,9.6775,-3.0006
56.5981,26.5369,63.2355,9.7258
97.6535,89.2984,94.7886,2.6229
64.5416,0.1381,87.5015,-561.9586
14.5377,69.4602,0.9346,-11.9149
10.7519,78.3251,97.5161,-0.3114
49.0131,45.4887,71.1246,12.9275
85.3700,78.4741,7.1297,-3.7184
72.4419,22.7841,26.8515,2.8275
72.9220,42.8807,23.9061,1.6000
49.2681,65.6609,59.7982,9.1953
15.0471,7.4492,29.4279,14.4252
90.3866,18.7626,83.8170,3.7971
75.1482,5.8127,8.0706,-13.8002
14.2080,37.1051,12.5539,10.9424
54.8606,62.3539,3.4426,-4.8739
72.2968,48.5687,28.6828,3.8941
10.5726,74.1039,52.6892,7.5476
44.4762,56.4691,58.5388,10.4381
35.3492,50.8432,31.4258,7.9914
86.7253,59.8082,56.7486,4.9009
37.9279,10.8411,45.7968,10.4613
10.6233,48.8400,9.9922,8.8019
12.9299,8.9303,93.2155,14.7362
51.8175,2.0470,1.2091,-44.2788
3.3352,85.8951,75.6077,-40.6300
70.0786,45.5389,60.8817,6.6708
46.1157,85.0400,8.5111,-2.8588
25.6597,43.8826,77.9426,19.0149
81.6094,91.4987,45.6651,2.9881
9.8584,37.3926,35.7449,18.3286
2.0388,58.9339,74.4674,-65.7424
79.7130,94.2456,24.7605,-1.3943
72.6060,8.1662,1.7128,-14.1490
66.9757,3.8822,38.4085,-11.4909
89.5322,91.4301,90.6882,3.5245
92.0388,89.4701,1.4058,-7.3007
49.7160,81.4329,13.9481,-0.1641
98.9609,75.8250,51.7569,1.9360
16.9028,19.2094,3.0747,-2.1919
8.7424,67.9221,30.9373,-2.9426
53.3916,17.7284,62.2905,12.4439
91.7905,89.9376,18.8360,-2.0225
0.9986,14.8462,90.6247,-131.7737
60.8954,38.5214,99.1306,12.2625
82.5828,82.2823,15.6656,-1.5417
14.3984,65.4985,86.7032,12.5091
73.0344,47.9845,26.2050,2.2870
91.5393,94.9569,48.0721,1.0120
2.8285,38.2234,67.2334,-34.4972
51.5647,86.3029,50.9497,4.9029
41.7644,83.4260,30.2164,5.0901
95.1866,34.8583,69.2886,4.6237
3.3213,27.6996,87.0452,-26.3191
82.4104,31.9347,57.1486,4.3032
50.1906,5.8540,7.2693,-12.4268
0.6002,86.8636,74.7614,-154.1600
3.6095,68.6054,58.3675,-30.2075
70.4835,24.5942,68.9551,5.7674
78.8205,95.5763,68.9743,1.3625
90.5082,4.0071,46.8796,-13.3820
46.5502,3.6996,13.1520,-15.8673
39.5501,36.0769,85.8072,18.5205
69.3595,17.8925,14.3398,-2.3072
50.6076,51.7797,23.1570,5.2666
72.1414,19.2613,46.1413,4.6494
63.5898,43.2552,97.3715,15.4232
32.7860,82.7220,23.2600,6.0882
89.1095,20.1889,20.5483,0.5679
18.9072,44.2443,17.3298,11.5746
0.0916,47.8699,77.0566,-903.8667
92.1958,69.4351,47.0595,2.8079
62.1658,24.8261,70.0939,8.3795
72.3212,37.0228,68.9562,6.7983
92.7630,61.4764,38.4618,2.3757
17.2554,67.4501,62.3641,12.5361
27.9468,16.3318,52.3717,14.8914
83.3449,25.9737,45.7921,4.3563
74.6276,17.8877,89.4505,6.6792
29.1662,56.7305,12.4367,3.4538
68.6869,43.0821,31.1501,5.4444
24.5631,1.4235,52.2014,-30.7127
95.2756,66.2365,37.3585,1.5974
95.7639,69.8127,84.9207,7.7426
51.7782,9.9913,0.9517,-14.3028
31.4428,70.5001,46.6658,9.8104
9.0315,60.4675,62.1672,-2.8205
19.3166,49.4273,25.4975,14.6853
6.7848,27.9025,53.4340,17.4148
73.5627,13.8232,47.6431,5.1322
93.9521,90.9335,44.5896,0.3764
9.8298,2.5707,38.4305,-4.2864
90.6297,61.8517,29.2449,1.1675
80.4908,24.0341,35.4482,3.4638
25.6273,6.5082,3.0010,-11.7109
60.3495,20.4929,9.3147,-3.0432
8.2318,24.2313,32.4266,18.2715
83.0355,86.4251,17.8370,-1.2277
73.9583,95.1745,18.7173,-2.5543
41.1258,58.8067,13.3050,1.1293
17.0871,46.6384,77.8363,11.8912
17.6990,99.6969,75.5830,7.2149
46.4168,86.6258,2.1915,-6.2513
41.2525,60.4582,95.2723,14.6416
13.8397,17.6417,36.3646,18.5117
3.1803,93.2669,30.0554,-40.6013
57.0991,78.9711,15.7157,0.5774
32.5595,68.5617,15.2962,4.1105
52.5857,3.6095,84.7748,-4.0156
20.9574,21.5496,68.0839,18.5260
63.7935,33.4513,3.6859,-5.0978
6.4154,16.8607,93.2173,11.4794
63.1068,57.5473,19.8582,-0.4668
23.5019,35.5052,52.6555,16.4205
53.7527,27.2028,61.4958,8.9985
7.5541,91.4621,24.2735,-12.6589
68.5730,89.4504,23.8575,1.6460
38.3485,11.5031,43.4346,10.6351
21.0260,77.4420,4.0079,-3.4918
85.2981,63.6583,61.9420,1.8971
51.2314,90.2807,0.4386,-15.8410
92.9693,1.5375,43.9411,-44.9061
75.9653,39.1002,88.9478,8.2229
18.2587,53.1071,86.0034,13.0664
93.6617,82.9235,28.4256,-0.8332
21.3178,48.9090,96.8259,13.9495
9.4361,91.2734,97.6799,-4.2977
99.8852,65.0828,0.7599,-10.2045
26.4471,46.3671,83.3823,10.9789
76.3704,13.7565,10.7323,-4.3095
54.3796,79.5769,27.0639,2.7112
87.0665,90.1770,1.1913,-8.1646
93.6917,99.1426,72.9580,1.9472
96.4797,43.8196,26.5900,0.6356
40.9330,70.9121,23.0552,3.1255
31.0703,30.4353,65.1059,14.4170
30.4866,35.5120,67.5181,17.1011
21.7961,31.8944,55.2610,16.7927
4.9815,30.8704,64.8028,-2.6828
54.3276,60.1655,76.9191,10.1848
23.9685,39.9088,45.1140,15.8208
78.7356,49.1528,13.7981,-1.1452
56.7500,2.6776,64.0921,-13.0435
72.2974,21.2542,90.7558,7.6645
45.6256,4.4140,24.5432,-6.2089
53.1463,29.1658,74.4310,13.2809
15.3069,48.2866,4.2837,-1.2196
66.4235,71.6518,68.8827,5.6450
58.6561,41.8272,27.7620,4.5140
17.0308,45.5453,16.1072,11.6533
53.7806,57.1012,94.2761,13.5963
38.7763,47.3517,63.4906,15.1841
62.1724,86.0851,84.9126,4.2594
38.3944,70.3550,97.9378,12.8883
15.6788,98.1097,17.9040,-0.2713
13.2743,91.4333,8.3967,-3.7943
10.4391,74.3412,69.2286,4.6723
12.8074,51.6186,11.0376,9.9937
63.5154,11.9514,39.5122,2.4819
48.1331,55.5335,24.6657,5.0093
81.5057,55.8870,37.0476,3.3048
7.2132,97.1716,59.6688,-16.3750
95.8445,90.2459,12.6248,-2.9222
11.6512,43.3958,59.5430,17.1045
31.9246,24.3126,91.5158,17.6538
17.4194,31.0691,12.1542,9.9244
78.7272,66.4225,33.9411,1.5461
88.2210,24.7665,52.4157,4.1068
81.4845,42.4094,76.2372,6.9161
37.6348,94.1819,8.1270,-2.0071
89.5224,59.3855,9.6862,-3.3984
73.4504,91.4242,92.4150,2.0591
7.0761,59.6171,6.9002,-5.6193
38.1134,62.5381,15.5699,3.8567
86.3511,92.3447,55.3588,3.9555
13.1870,10.2579,1.7213,-6.8158
93.1135,71.0219,57.9756,2.3295
17.5207,39.4547,42.9613,17.4361
83.2750,35.3443,67.2067,6.5526
52.1220,26.8657,35.0956,8.7925
55.1413,91.3233,76.0724,6.7187
87.0334,65.5436,39.9743,1.5602
36.1081,8.6139,26.7376,5.5530
75.2835,14.7178,0.7447,-14.1578
72.7791,49.5683,95.9764,7.2365
78.6227,77.1644,43.0941,2.5917
55.3246,58.2701,66.9220,9.5395
93.3857,17.5395,45.1753,3.7298
28.2887,84.2179,38.4949,4.9111
50.1654,57.2596,73.5732,10.8382
80.7109,26.4507,47.0902,3.5959
75.2810,26.6386,22.8902,0.3426
69.9341,81.4825,31.4608,-0.2250
20.0425,76.4636,75.6505,8.6334
5.7993,34.7577,76.7446,-1.8527
60.8277,97.2069,58.1957,6.0141
76.8762,46.9586,32.8595,3.1958
38.1157,67.4723,1.5056,-7.3445
46.1669,63.9763,82.8339,10.3677
67.3773,58.0393,17.7317,1.2930
48.6099,29.6717,92.7922,16.5269
11.9423,64.5916,24.7668,5.9144
75.2533,74.1176,60.0089,5.8391
14.3081,53.3998,28.2772,14.3079
37.8592,81.1888,44.7383,9.4962
75.8553,36.8274,93.1947,10.3272
77.1488,42.4007,10.9692,-2.1525
12.7392,12.6686,54.9786,19.6148
11.4505,63.1649,45.3345,4.6985
46.4853,80.5576,43.6534,8.0003
85.1151,64.6321,98.1858,9.3259
12.4354,41.0716,16.3660,16.3002
79.1712,13.9824,74.8639,4.0407
67.7774,23.0285,94.4790,10.4659
5.2475,75.4288,19.9088,-16.5419
13.0527,77.2795,17.1628,3.4715
16.5965,2.6574,87.7630,-0.1596
13.3879,14.8008,34.7539,19.1253
76.5655,32.5520,99.8316,10.8385
64.5447,63.1734,68.7696,6.6893
66.3439,44.7917,54.9710,6.2335
5.1097,50.8966,2.8157,-14.7723
49.5951,15.0391,59.6672,14.2628
19.3247,97.0806,19.6871,2.7149
83.4126,59.1230,94.1304,7.8391
55.3199,89.6231,58.5482,5.3335
10.9728,27.3111,11.6544,14.4113
34.3174,75.7139,98.7857,16.4467
68.2596,82.2507,90.5262,9.5938
13.0735,28.8206,88.5212,22.2878
58.2595,2.0626,68.9892,-21.0691
63.2577,68.0328,97.4632,9.2200
99.0144,44.5679,90.2509,2.4981
3.6714,53.9667,90.6691,-27.2600
91.7726,73.5197,41.0653,1.9097
82.0768,49.1958,5.6455,-4.2807
85.4839,88.9925,22.3117,-1.6439
62.5882,12.1736,5.7739,-8.0088
90.0277,46.7100,25.4068,-0.4692
17.2272,45.1334,50.2246,17.1618
38.2746,43.0900,66.2487,14.4345
0.5616,38.8029,85.1576,-177.4733
29.5816,92.1544,78.3232,7.1734
85.0436,62.5638,31.3080,1.8638
7.0064,76.8861,42.7903,-9.5491
92.5719,19.2588,58.8852,8.1774
5.9917,43.0813,73.5144,0.3474
77.1087,37.5517,91.6593,12.0049
0.1731,35.5885,95.3934,-500.7200
67.1218,36.5783,61.1493,8.5825
31.1329,90.6118,48.4527,10.8010
56.2634,96.4289,98.7427,6.2240
42.8134,84.8432,82.9195,3.4022
93.1125,82.9580,88.0370,7.2590
39.1062,1.2474,58.3927,-42.6646
47.7291,79.1636,51.2204,7.8517
59.1776,27.7577,86.3984,12.3266
13.9787,36.0922,87.3642,18.1799
54.0280,7.3684,85.6264,3.7986
48.2708,95.5829,16.4524,0.3054
77.2526,37.7678,13.5162,-0.7417
15.0518,13.5438,87.4705,19.8810
88.7993,77.4855,39.0551,1.7794
86.1397,80.7267,42.3579,1.6550
85.9800,99.9857,85.5763,2.2496
63.5805,27.2202,73.8899,8.2172
81.8857,17.2954,77.2823,9.3795
45.1030,27.3977,57.4784,15.4148
74.8196,74.2467,12.6903,-2.3101
67.8011,56.2695,38.8909,3.7784
13.8375,34.2001,0.1984,-29.0890
59.6508,76.1054,43.5309,4.9368
62.4545,18.0233,58.2349,6.6762
87.5270,79.9000,32.1427,0.1552
18.9481,29.4863,60.6547,20.2625
31.8539,72.4020,36.9352,6.3061
96.5093,99.0406,38.1063,-1.6233
12.4841,88.7142,6.9562,-6.0135
41.7207,5.6541,53.4604,4.1690
34.5918,65.4844,9.3508,0.4917
69.9916,33.3854,4.0462,-5.0402
2.0675,52.0060,19.0269,-56.4959
11.6194,0.2413,56.4572,-302.7425
23.2750,75.6248,3.1423,-5.5355
59.9055,27.6277,77.9510,14.5486
69.5626,0.4565,29.4333,-167.4396
5.6694,12.0326,3.3384,7.4119
15.5515,71.2779,2.8171,-6.6322
53.2791,5.5636,99.6896,2.9409
32.6260,14.5684,18.0416,5.7526
11.4388,7.7072,19.3572,14.9135
96.3921,58.4578,45.8439,2.1739
22.4245,14.4293,42.0411,16.3183
42.1933,38.5182,60.7785,13.1463
25.7506,67.0217,69.7156,13.3606
87.7869,15.3830,37.6359,-0.1550
70.5795,75.9356,64.5993,7.8429
91.5166,48.7739,11.4818,-2.6971
99.1686,63.3813,97.5637,4.5715
29.7881,94.3165,33.3652,5.8429
28.2397,18.4447,65.1069,15.2884
55.4295,19.0130,38.7760,7.2533
33.5025,33.7939,76.9094,13.6834
19.8156,35.7273,19.6666,11.9517
3.4555,28.3574,81.0018,-24.3764
53.7015,21.0374,32.4058,5.9429
68.4442,50.0542,71.6106,7.0224
64.9439,34.9176,65.4494,6.8106
50.1456,93.9548,70.2572,3.0058
12.7537,46.7194,11.7082,9.3060
78.9473,94.5442,80.4850,4.0654
23.4592,98.3838,81.7877,6.0049
49.6950,33.4963,63.1482,12.8864
20.2674,49.5040,64.4383,20.1362
20.9226,41.1578,3.1975,-2.6265
65.8948,95.8022,68.8302,0.7104
64.4906,77.9917,43.6537,5.7739
91.3415,67.5191,24.9433,0.0484
17.7231,9.9667,17.2408,13.3809
53.7568,49.1865,25.7462,5.2505
17.9721,9.9815,18.7900,11.9039
96.1983,13.4107,1.0070,-12.4088
12.2836,82.7191,20.5098,0.8309
1.9083,32.2496,52.1197,-60.2564
91.3173,36.1445,97.8158,12.2138
88.3728,33.0169,89.1726,6.8381
42.3787,52.7689,72.9275,12.7889
35.9235,18.3862,96.1731,15.4500
43.5651,10.7463,24.9657,3.6824
97.0915,8.2526,60.1976,-1.8311
1.2507,48.7676,17.5782,-86.1234
56.6599,24.8901,63.7646,9.2549
44.2333,93.9060,8.2517,-0.9252
10.3168,62.4157,65.6725,7.4615
94.1930,29.5853,86.9385,2.5988
87.3615,83.2416,86.2738,11.4545
9.5478,93.0828,99.3646,-2.0645
13.9161,66.7996,83.0814,11.7501
2.2863,43.5573,1.1732,-41.6469
73.8534,10.7505,92.6192,9.2552
34.2234,40.1633,13.8032,5.7360
50.8493,13.6727,24.2321,4.7410
9.1207,29.1779,13.3933,16.3154
94.7798,17.5677,3.6661,-7.3901
7.1675,64.1607,94.0774,-7.7444
40.4415,72.7626,12.3355,1.2304
18.5549,79.6151,15.1718,4.8948
29.8508,87.4087,69.2060,10.5816
94.5721,41.4518,24.8341,-0.9523
4.4998,46.5393,79.4409,-18.5951
59.7431,49.8016,79.9027,10.8014
85.2658,62.2663,51.5628,4.9828
61.4629,71.2579,54.0312,5.4127
99.8475,9.0239,64.5908,2.8383
39.9185,56.0002,65.8952,14.6378
13.2573,69.1731,58.6339,8.1146
23.1030,41.1905,97.5941,12.9017
19.3117,43.3512,4.6590,-0.7203
36.4188,65.9738,26.2271,7.2365
19.9343,40.1779,46.9294,16.8964
35.3777,90.9034,69.3130,4.2266
48.8986,14.4185,22.0133,3.3741
98.3945,20.5550,24.5596,-0.8972
19.9093,86.2643,67.8576,5.8963
15.7061,5.3081,66.1196,10.5730
58.5682,68.6323,54.3306,7.3692
27.4652,35.1459,14.8236,7.6989
58.2951,0.0541,63.8872,-1466.8931
79.4274,85.2582,4.6479,-4.6498
50.3746,28.1074,60.5515,12.2304
54.5144,11.6964,23.0780,-0.2549
32.8500,26.6800,2.2379,-5.3768
35.2390,91.7878,52.8021,6.1713
55.3199,6.0835,21.3731,-6.1516
98.7755,84.3143,39.0598,0.9269
65.8641,83.9852,42.7415,5.7963
5.1706,85.4723,23.8920,-18.4487
50.7748,22.4661,55.6780,12.3278
55.2969,75.4735,96.6464,8.6843
43.8397,79.6907,60.7073,7.0648
88.5762,99.6220,6.5212,-4.3688
66.8146,85.7125,27.8279,3.1140
14.3862,95.4129,61.0086,-1.0237
83.7583,69.4476,81.7911,5.5465
58.8448,94.2505,47.2936,1.1935
37.3779,85.2723,22.2561,4.9590
87.8540,96.8646,78.4586,2.4490
27.1846,81.7775,1.3838,-8.6059
35.5909,87.8605,98.3566,10.5287
74.8649,60.5016,25.6029,0.6796
45.1152,14.6773,20.4472,2.7755
87.3969,14.8670,14.1589,-4.8779
30.5257,95.3465,89.5499,9.3293
3.4706,54.6108,58.7304,-30.5514
65.9781,96.4339,59.9467,3.8357
63.0120,66.0451,88.3797,8.9584
52.5904,85.0594,7.1511,-2.7330
27.4105,62.0398,52.8203,12.2624
39.4759,45.1819,2.2160,-6.2098
91.8605,88.5169,70.7311,1.1664
70.4634,6.9815,60.4818,0.6544
87.0045,14.0466,28.3648,-0.9816
63.6019,66.0774,72.8778,7.1857
18.0088,66.5270,62.0000,12.0964
46.4085,74.2813,78.4051,6.1246
31.0433,82.8244,90.8520,15.4318
67.7497,48.1192,24.0879,1.9617
49.4171,35.6284,88.2336,14.3319
71.0456,12.1385,46.3544,4.6677
83.0170,2.2335,26.4068,-29.9726
25.7521,30.4697,53.5649,19.1785
65.6662,5.4170,46.9678,-4.3420
47.7444,67.1037,74.8126,12.6879
88.7903,7.2266,72.9651,2.5225
83.3672,17.3054,72.2550,5.7736
8.2033,37.5488,73.3246,6.7747
62.0351,88.1240,88.9073,6.4913
14.3021,99.3120,93.2170,3.4850
12.5161,37.8885,41.3650,16.9076
73.6357,36.2369,40.7255,6.7407
24.9509,97.8774,43.6327,5.9816
50.8373,56.0500,79.5434,14.5657
47.6647,13.4924,13.8243,-1.1815
39.1076,57.0513,94.4717,9.7076
50.0084,27.6303,17.9212,4.5214
86.8407,0.1545,37.6166,-510.0634
99.0217,75.2285,32.6799,-0.1512
47.6825,37.0307,37.3118,9.6577
4.4950,67.8995,36.6269,-22.7461
49.8310,74.6470,5.3774,-3.7207
36.3454,99.3667,4.4636,-4.5942
40.4278,29.6835,57.4558,12.9649
0.4417,75.1068,14.2938,-197.6600
51.2205,99.4061,76.2963,3.2900
14.5620,46.7378,95.2392,15.0444
60.6802,8.1805,0.3261,-25.1478
25.6233,87.2320,37.3161,4.2404
47.7621,95.1548,18.0371,1.2656
26.7185,61.1847,99.7985,14.5772
43.2247,47.3452,65.2745,13.6364
30.2088,91.6369,69.1268,9.7794
60.8866,58.2228,39.5779,5.9164
89.0854,51.7247,61.3618,4.4452
29.5613,39.3639,6.8856,0.5086
96.6228,58.9467,20.4961,-1.1488
34.4261,9.9594,81.7514,12.0900
21.9658,80.5035,34.3088,7.7912
1.0883,53.6940,95.9191,-100.8245
68.7606,33.5951,99.0255,9.8080
95.1112,27.2665,20.3350,-1.1565
72.1368,73.2862,17.9450,0.4409
56.6526,17.9562,79.1262,13.1230
90.1223,49.5528,62.7605,9.2274
28.8862,13.8838,82.3994,15.5477
75.5144,71.2265,87.7478,6.5558
59.3487,81.1847,5.1618,-2.9341
49.1754,53.6694,9.8442,-1.0312
50.4548,94.4932,59.2685,4.4750
32.6435,50.2265,59.3844,14.9346
58.6113,91.9523,81.3979,3.5360
6.0533,58.4756,82.9569,-10.8796
93.6472,28.7042,2.6160,-6.9804
13.7530,23.2259,77.2980,19.6499
53.7681,55.5666,5.1720,-3.6804
36.0979,76.0274,92.9880,13.9550
65.0148,79.4825,75.4759,7.1892
74.1195,97.4637,29.7612,0.7025
67.0003,29.3369,67.5544,8.4778
78.5147,39.3188,17.8322,-0.7270
19.6715,91.3105,34.6235,0.6258
78.3626,11.7994,0.8284,-14.5804
32.5808,51.8865,9.1961,2.2040
5.8047,72.8239,80.5864,-14.6759
34.0973,43.4112,22.4754,8.3883
63.6985,11.7627,58.5225,7.6885
71.1669,64.2825,77.7516,9.2086
74.8035,12.7799,82.5070,6.2891
41.8859,11.3092,91.6255,15.7192
99.9870,18.2262,29.5214,-1.2706
23.9815,11.1086,65.3783,15.1966
11.6827,54.8707,20.2469,12.7506
18.1579,1.6890,77.0020,-21.1710
63.4005,93.6024,15.9746,-2.1662
24.4197,0.7985,33.8089,-80.5114
32.3716,63.3574,13.2413,2.2053
25.6353,61.4646,77.9464,16.9800
80.6572,34.7194,69.5183,6.4911
2.2686,42.7544,24.4434,-48.1396
23.0320,77.7392,23.3881,5.1280
28.8708,57.1186,31.1306,9.4680
53.5976,29.5163,48.3678,9.3122
57.7419,93.5828,23.0938,-0.1349
17.4880,87.6482,22.9685,2.9738
0.5248,35.2161,31.2834,-185.1867
66.7527,1.3446,93.2393,-41.7909
73.9045,88.1847,27.7397,0.4827
15.1131,82.0605,3.3963,-5.9700
7.7379,61.2836,44.4410,3.2003
32.2570,45.3859,95.7964,21.0546
61.7869,95.9336,26.7893,0.7701
50.9705,86.3672,94.8781,11.4704
78.1483,84.9550,32.6041,1.4340
62.7617,63.8265,57.7029,7.9356
20.3277,71.2355,44.9791,12.1495
44.6879,55.1384,56.2166,10.6802
17.7142,22.6145,12.5991,12.6667
77.7161,48.5750,93.1166,8.6744
13.0214,6.9980,50.2742,17.0728
24.2926,77.5590,50.9455,7.8330
53.6340,34.4329,50.5833,9.5548
62.5256,76.8534,60.4847,4.0679
94.9362,69.7719,70.8768,3.4224
43.6898,46.9488,60.2651,15.2416
83.2383,43.8162,47.1133,6.2556
59.5803,41.6352,31.8282,6.2600
45.9141,7.4692,8.2930,-8.3498
27.5785,95.9028,45.2133,4.9321
65.9927,59.3939,46.4127,4.3602
63.9474,61.4926,96.1520,6.2644
8.6007,76.8567,96.4668,-1.6072
98.0591,11.1798,36.4176,-3.1608
93.2200,1.9307,71.1656,-32.9850
88.1653,1.7535,62.7668,-35.3326
70.8607,60.7878,87.0964,5.6598
71.5365,48.8171,82.2656,7.3623
75.6774,6.6652,8.2688,-11.7135
57.4034,15.9921,40.4849,5.9602
94.8828,32.1987,58.3157,5.1426
77.0455,77.9499,44.5519,3.7723
3.1661,3.0786,56.4321,-3.1297
14.4735,9.1446,36.7062,16.9048
7.5293,14.9412,82.2106,17.1644
83.8870,22.0903,89.7145,10.5506
8.0491,41.7210,81.4464,4.9828
56.1277,80.2745,40.9802,5.1824
76.9793,67.0553,95.5044,12.2071
0.8174,13.7317,35.8534,-147.6676
40.4989,59.9708,98.3388,15.1430
74.3178,2.9758,50.2720,-16.9377
41.0800,38.1596,91.7263,18.1245
98.2437,82.6385,57.8310,-0.2514
9.2557,24.8603,83.8743,17.9130
78.4588,15.3419,6.6994,-5.9157
52.5246,57.6312,6.4948,-2.8138
27.4004,41.0074,5.1062,-0.9235
48.3245,13.0742,46.8235,8.3902
36.3193,70.2219,64.2519,9.9147
79.5659,33.1179,56.3184,5.5828
42.5535,33.5478,13.9662,2.4633
88.5085,61.9935,43.0330,3.9467
88.6884,18.4067,54.5325,6.6335
48.7591,9.0852,50.5785,7.2328
79.8167,4.1133,77.4468,-6.9589
79.1555,88.0224,58.9204,2.8111
82.3790,20.7805,51.8651,2.8543
29.7574,54.8170,30.3273,11.2365
44.5845,99.2719,57.0994,1.2693
83.4285,80.2150,61.1125,2.6601
70.0615,74.7248,45.5734,4.7497
70.1642,66.7355,82.3106,6.9553
0.8579,42.3370,32.2593,-121.7974
84.9556,91.1665,96.4750,7.1078
56.3360,58.7298,91.0773,11.9949
65.1463,71.3607,77.1697,8.3341
55.9724,87.0790,45.9207,2.7811
19.1579,12.0846,44.3674,19.3781
4.0278,27.3701,89.3352,-6.6206
30.1603,5.1890,89.4531,9.1286
58.9436,74.9929,74.0252,5.5288
11.4333,29.6053,25.7765,17.9254
25.2346,22.4291,97.5658,17.9934
49.6700,40.5527,21.6466,5.1811
85.2804,54.8512,8.1533,-3.8004
47.7969,89.9519,44.1028,5.0765
10.4975,26.6830,78.4981,15.0722
25.6385,14.0363,28.1526,13.1966
0.7463,54.1481,8.5550,-123.1200
20.4503,37.3363,8.3661,2.7977
62.4742,38.7305,77.2311,9.3914
80.4819,63.0423,14.3519,-2.2040
50.5306,4.5815,79.8747,-0.6780
3.2290,47.6737,6.9843,-19.4845
39.3093,57.5003,34.7973,9.6269
42.3281,88.2291,85.4637,7.4932
47.6035,37.0130,75.9079,14.2045
81.6509,55.1407,11.6071,-1.8625
18.9914,52.0227,8.9643,4.8956
6.2300,63.8032,23.2897,-7.8451
92.0273,53.1479,11.9742,-2.0979
35.6691,3.7047,83.3212,0.7356
85.5371,1.2380,48.4693,-55.5147
66.2112,63.7557,98.9790,15.7270
64.4873,23.7010,1.0101,-10.0563
9.9925,31.4054,33.5388,20.1262
64.4561,84.1650,85.3832,9.4621
55.2837,56.8344,5.0759,-3.8831
85.3749,21.6805,93.3988,9.7230
96.3865,22.2504,25.2033,0.3297
26.6231,72.7436,27.8739,7.2737
82.2469,49.8256,20.4948,0.1041
62.8122,90.6246,89.1698,6.1302
97.0214,14.5120,9.6181,-6.8766
85.8287,36.4324,60.8682,6.1784
3.3188,59.3980,73.1790,-34.9815
93.7136,61.3063,59.6474,4.4607
71.9671,7.1902,65.0061,-1.6517
98.3518,56.6090,53.9167,1.3641
2.9329,69.5127,13.5325,-36.3943
71.6139,38.2914,48.1421,6.4857
82.1268,47.6409,71.8924,6.4955
38.3109,4.7897,89.6033,3.6456
65.6584,69.8221,82.5686,11.9929
35.4110,99.9616,79.3945,6.9369
82.7638,32.4355,6.6096,-4.5106
34.5400,39.1065,9.1720,0.5761
34.0901,61.6489,2.0597,-5.5331
68.4715,7.1372,39.4428,-1.2679
74.6846,24.3568,92.7700,9.7671
47.4733,41.7476,0.1760,-29.9602
76.1178,40.1616,45.3361,5.6362
38.8688,25.5253,42.2162,13.0253
50.5062,21.3403,43.4599,10.0934
67.5739,28.3650,66.8473,10.8222
22.8910,3.9675,83.6364,4.4940
99.7501,18.2990,52.6533,1.7674
14.9178,4.8941,45.0572,8.1256
38.0666,90.2834,88.4492,7.6111
77.0449,71.3695,19.2819,-0.8236
71.9819,78.1775,50.2766,6.7584
51.7288,42.0437,82.3264,15.8360
56.0051,81.3431,63.4002,5.2018
28.1349,9.2217,8.1266,-2.0224
93.9574,42.3982,53.2821,5.8014
64.4764,43.7339,77.1696,11.1495
90.3958,41.5122,41.0341,5.1910
73.3734,9.1787,42.5965,0.3497
22.7924,48.6165,97.1553,11.7855
98.9520,56.5107,36.4967,-0.8403
60.8773,38.8741,5.0692,-3.3694
41.5069,90.8330,83.9433,6.9293
82.7127,9.6176,90.3929,1.5287
76.3203,44.6427,29.8029,1.7094
51.1030,75.9391,68.6626,6.5821
46.9903,26.8242,83.8971,14.4399
83.5059,23.4081,51.8524,6.1268
39.5148,8.7046,65.4057,11.6959
77.0880,47.2131,6.4180,-3.6324
97.0885,49.8224,59.9217,3.3341
39.2365,33.5413,50.2870,16.5287
99.7648,95.4864,68.6940,0.1528
15.9682,53.3543,69.0819,14.7017
49.0994,94.3622,57.3319,6.7604
56.7424,74.9631,35.7034,5.8530
96.8116,61.4155,64.2352,5.4542
23.6916,90.7807,96.3645,7.4537
64.6296,23.8558,5.0531,-4.6529
43.6429,80.3260,81.4166,8.8687
71.8759,80.2154,85.1887,6.5446
28.6719,13.7363,75.4257,15.9957
59.3975,3.3543,65.0143,-7.3742
83.2770,39.5298,77.5363,6.2047
89.1201,15.6123,95.2217,8.9021
88.2980,78.0534,98.1842,8.9330
47.9906,25.0053,39.3870,10.4655
95.6749,14.3321,72.6910,4.1591
30.2006,7.5977,31.2771,8.5868
2.9144,84.6984,4.6906,-38.4748
13.6784,42.3128,95.2741,18.6829
3.2937,64.6191,79.0411,-37.0242
62.2040,75.9755,98.9310,6.4846
34.8148,16.6566,17.1520,6.2548
43.1308,95.2339,55.3797,6.0707
54.1162,56.3147,65.6609,10.4092
62.4338,9.6858,90.9154,6.1746
83.0547,66.6057,77.2727,4.6753
92.9461,27.4774,22.8333,-0.0837
59.1124,28.8170,1.6095,-7.4467
42.7278,70.9814,31.3230,6.4252
36.3072,59.3796,37.4984,12.3189
6.3659,89.2391,67.5174,-15.1375
66.3823,20.1664,73.4852,11.2172
62.6749,37.9497,11.5951,-1.8005
53.2968,4.8382,89.5534,2.9117
58.0632,99.9145,66.8393,3.5870
47.7930,48.0103,48.4225,11.5106
54.8209,16.0388,3.7904,-7.0292
79.6129,76.7122,44.4039,1.6888
63.6351,36.3884,18.2721,3.1778
22.6715,49.9472,61.2402,18.7403
78.7378,90.8603,72.8763,3.5256
73.2352,35.1586,63.5550,7.9457
86.6318,65.5703,71.2081,1.6376
38.7423,11.8689,52.9404,12.4145
19.2323,74.3758,98.7488,12.8605
11.1715,44.1671,59.1104,17.7735
16.2169,48.4389,9.6933,7.9988
82.4874,14.2997,25.4912,-0.7963
19.7778,92.4276,84.9343,10.9213
28.9556,24.9515,24.4989,12.9101
5.4812,24.6572,78.3355,6.4716
28.1595,51.4377,22.5066,9.9400
73.4703,45.5443,96.5363,10.8597
44.4332,0.5289,50.6720,-135.2539
48.6462,74.3282,25.5762,3.4424
15.9380,16.6638,31.4282,19.7065
17.5503,74.0871,18.0305,6.9922
76.1682,30.1595,6.6616,-4.4801
67.0979,33.6221,20.6716,2.1029
29.6937,6.7028,66.1057,13.5799
92.1780,2.5797,53.6250,-21.2533
48.7881,11.4479,2.2420,-9.7055
34.4523,65.1950,8.5396,-0.9954
53.0367,71.5661,97.1834,8.1114
50.4701,49.3668,89.8875,11.7502
79.5179,20.5013,57.8528,7.8357
91.5085,38.5896,15.8176,-2.1469
91.9950,70.7328,65.2514,5.3037
3.2102,38.4882,35.9138,-26.7869
79.4026,80.1521,91.0933,4.9209
76.1143,99.9226,68.5429,4.4136
69.2777,52.4463,16.8156,-0.3637
99.9246,33.8913,29.1211,0.2885
44.9616,75.2749,48.1367,4.7220
96.5751,18.0023,46.1639,1.8335
83.4104,46.4393,77.5535,4.1698
58.4206,65.1353,93.3335,8.0287
34.7099,92.7985,26.2617,2.1907
21.3235,32.9127,2.8304,-3.1225
33.7801,28.8017,60.7583,16.2976
22.8905,20.2741,99.2730,20.9789
97.7589,72.3328,23.3758,-0.1122
36.7027,50.3658,97.8174,18.7833
24.4220,20.8198,47.0595,16.5881
20.9757,93.0711,30.2811,5.2634
60.9702,80.1155,61.1383,6.9083
38.2254,64.4371,16.3367,3.9060
45.3877,60.5440,87.2356,8.0825
2.0576,54.8562,11.5760,-52.2066
27.3809,10.0523,43.1878,13.8032
87.8234,32.1828,41.6109,4.4464
96.1338,91.8133,29.8255,-1.7036
58.4262,94.3377,44.1427,4.5114
41.8884,19.0010,76.8663,15.1370
20.5930,69.3570,39.0384,10.7484
1.6451,99.9707,46.9514,-68.0133
58.5164,77.4793,46.8847,5.1466
4.5234,2.9882,25.9814,2.3255
91.7957,52.5034,94.6632,6.3912
70.7130,86.6367,12.6512,-0.6172
92.7473,77.2113,77.1107,3.7729
1.2879,57.1903,17.6040,-81.3067
61.7492,46.9027,63.0088,11.3090
12.5340,22.0060,77.7777,14.7203
73.9991,48.7174,98.5383,9.7303
42.0707,82.3913,70.7152,8.7200
98.0362,85.6167,89.3909,1.4030
93.2593,54.8458,82.6730,4.4341
33.5627,32.5629,76.3908,17.5796
43.0642,50.6590,53.0873,11.3357
96.4455,36.9937,73.8069,4.3072
47.8807,84.6251,11.4799,-1.6664
99.7398,46.4275,59.5931,4.4175
10.7458,75.5123,71.8081,1.1232
48.4098,26.0551,74.2226,12.3605
9.9495,60.1770,18.2831,8.0981
16.6972,55.3126,38.5968,12.4347
40.5035,4.4089,55.6900,-0.4973
25.1784,66.0519,16.5384,5.8138
47.1939,22.7652,82.0711,15.4547
1.7294,66.3345,76.7594,-70.1345
87.6385,8.8411,28.7544,-1.7854
5.2803,42.3526,63.9701,-9.8025
74.2221,34.7259,64.2895,8.7804
8.1426,1.5379,64.5617,-23.4739
94.2371,16.9530,93.5129,8.3931
49.0421,19.2100,56.9649,12.8873
24.5660,37.5937,48.9471,16.9422
27.6785,89.4407,75.9912,8.1165
41.4188,69.3322,35.5964,6.2727
3.9246,78.6348,66.8225,-32.2949
35.0034,75.5546,33.7994,5.6780
59.3601,61.6009,10.1998,-2.1351
54.1284,87.6422,76.7989,2.8259
35.7004,12.9040,84.3927,11.0490
91.8574,12.4859,1.6838,-11.1681
14.7018,52.6406,79.4901,19.9261
2.5263,70.5223,70.1139,-51.2304
17.4177,23.5210,43.8030,19.4725
99.9023,43.7177,29.5076,0.6104
12.3164,59.2613,77.1910,8.4918
43.2412,62.8220,39.0318,9.3272
50.2011,26.9287,30.2848,8.5185
80.4331,42.7738,95.8574,12.2939
24.3289,53.0549,91.6637,13.9519
57.9678,94.3748,56.3690,6.2288
25.3946,45.0516,10.4070,3.0914
91.8112,24.8374,4.8331,-5.7463
91.5830,25.9645,19.4697,-0.8936
46.4237,50.0775,65.4481,10.8588
52.9332,14.6345,18.1628,0.1755
22.9427,8.3245,1.4201,-12.8225
51.4774,2.2137,94.7838,-16.0332
52.1531,87.0967,56.6738,7.8106
79.8959,37.7305,44.7454,2.5474
40.4102,85.6320,48.8191,7.0283
12.6040,11.0817,53.1342,19.3545
57.0612,35.6556,11.8592,-0.8195
22.0206,47.5185,49.4520,16.2082
61.0346,88.5141,21.2987,0.7288
90.7595,64.6427,50.4057,3.3264
27.7246,64.2071,84.9664,14.8358
94.4475,36.6896,57.4966,3.7793
34.2721,61.5640,11.6612,2.2649
48.1903,76.3263,54.1483,6.4096
38.0483,52.0538,0.7238,-10.7559
22.5232,30.9817,94.7386,14.9411
13.8021,26.7815,35.6650,18.0736
96.3629,45.5231,4.4426,-4.7377
3.9077,60.3612,93.3518,-27.0598
19.3341,26.4473,97.8819,21.4654
88.0795,39.4410,0.8982,-9.7718
16.2142,84.5111,84.9102,7.4032
38.7970,39.0048,47.6712,13.6768
74.3212,46.8698,7.8935,-3.4255
68.4481,9.6579,75.9441,5.8245
7.1964,53.5494,61.5203,0.2783
12.7470,77.8550,34.6856,3.3765
41.5639,65.8582,86.6736,17.2885
85.4558,33.1483,34.3889,5.1587
83.0327,79.0723,95.1052,6.2294
15.1112,98.3373,37.6421,-1.1491
68.3113,73.6196,72.8408,5.6274
82.5851,81.1764,23.8451,-0.4165
31.7995,59.3882,41.8033,10.9045
94.5698,41.4670,33.6407,1.7904
83.6029,77.1252,84.9367,5.4222
58.4504,47.0516,22.5076,4.7701
9.4855,55.9149,96.4588,8.8176
74.8704,32.6404,83.2265,12.3019
77.7571,47.1427,16.2677,-0.9784
61.1500,56.3066,16.9975,0.9739
14.3136,9.7565,1.3587,-9.8553
13.3704,78.0643,79.4736,6.5059
34.2377,0.4075,16.4062,-186.5826
62.5044,3.8096,63.9466,-5.3976
34.5000,98.6550,49.2998,7.0748
71.5903,69.4154,11.3432,-1.9893
87.6715,28.0429,58.5100,5.9021
0.5023,20.5210,89.1923,-214.1578
62.6907,28.8996,44.3496,8.4843
8.9998,62.9259,98.4397,0.9721
31.8337,61.1889,55.1869,13.4617
57.2452,25.4620,84.6431,13.7903
21.1959,58.2154,40.4363,12.7433
7.8564,75.1171,40.2300,-4.1540
17.1354,71.8196,93.2173,9.3045
57.5271,95.3828,26.8646,2.2026
61.6253,10.0228,65.0374,6.4231
85.3955,46.5920,18.7794,-0.6695
36.8953,79.1691,36.1102,7.3534
69.2941,33.6262,84.2460,10.3992
53.9691,35.2594,60.7543,11.5880
59.5737,32.9649,9.0876,-1.3886
36.1452,5.8404,67.2114,5.9406
85.3649,31.0944,21.3283,-0.0387
44.3959,92.6401,77.7824,8.2392
62.7903,1.4569,62.5813,-39.4427
1.1326,32.9837,56.3906,-106.3519
71.8578,70.5010,18.2397,0.7897
16.4149,89.3346,14.4935,1.2099
90.4449,81.5700,45.6136,0.7297
26.2376,95.5696,64.0842,4.4226
59.6570,38.7566,86.3600,11.6174
95.9380,47.5351,27.0303,-0.3080
4.3179,78.9460,73.0999,-26.2891
17.0668,47.4073,41.5135,14.1851
26.0446,43.8962,64.5269,16.2217
71.3876,67.6735,99.8973,5.9429
45.5165,52.9572,72.4001,14.6168
7.2664,79.3842,49.9639,-13.4486
72.5080,75.4205,3.9496,-4.7784
68.2932,24.8264,34.1568,4.2546
3.9676,9.9602,83.3581,17.5925
18.2776,41.9717,40.2614,15.8799
24.4920,16.0514,41.9268,17.9559
66.9201,13.5440,19.2584,0.3458
38.4797,21.1464,46.6934,13.6840
19.5399,45.3272,50.6790,15.2179
25.7268,71.5850,36.1662,6.7251
93.2381,1.3837,57.7828,-46.8109
13.8136,31.7816,15.3208,14.7591
81.4334,28.5350,3.6215,-5.9708
34.9769,63.5009,60.3029,9.6961
66.4141,25.0724,48.6361,9.1081
51.9430,44.9455,24.7770,4.1177
97.5093,8.0373,62.3299,-1.9592
52.4777,46.0912,42.4323,7.5830
16.7304,10.3188,11.5835,8.6713
5.4418,67.5940,53.7631,-13.3864
47.3937,72.3559,0.2710,-21.8913
14.5110,7.9122,73.5574,14.5986
18.7182,13.8205,71.3291,20.5903
15.6645,16.8228,47.5610,18.9231
99.8258,51.2874,71.8295,2.7524
18.8670,1.1190,23.2956,-49.0613
89.1480,57.4249,28.1949,-1.2832
47.6648,43.0420,86.4718,12.0302
16.0277,17.2502,55.7090,18.5769
75.9100,70.6621,41.0634,4.7938
51.9461,70.6792,15.7206,1.0625
88.7834,97.5778,55.1785,1.5765
34.3187,12.5328,73.1699,14.8164
74.0311,39.2072,71.4371,9.0382
15.8485,47.5181,48.2799,12.7291
44.9888,98.1209,91.1137,4.1401
42.0170,39.8162,60.3213,12.7744
49.7381,35.4508,42.4606,9.8804
7.7636,64.4757,43.7427,-3.9041
84.3076,79.3102,52.5943,5.0973
50.9756,29.4532,82.5542,7.9242
87.1193,3.0700,57.5478,-15.9043
71.1697,82.9955,6.8406,-3.8911
27.6714,32.9323,65.4228,17.5598
76.6420,61.9526,39.8906,3.6070
86.4994,13.8914,75.9696,2.2883
19.4614,55.1688,90.1950,20.9006
93.8201,45.1025,73.0305,3.5251
38.6779,45.4215,95.2656,14.0978
72.3174,55.6234,25.5750,0.1869
47.6572,78.0543,41.4231,5.2153
13.1172,93.0940,68.3272,0.3985
97.3174,87.4423,51.4038,1.8399
67.2881,18.4418,47.8333,5.2033
12.4103,83.3628,45.7939,0.9436
44.4820,30.4396,19.0783,4.6292
57.9925,33.9548,10.8544,-0.5874
99.8070,26.5082,83.4137,3.3124
73.0142,64.4286,48.7882,4.3105
88.7596,21.3108,59.8836,4.7544
89.1502,83.0669,72.0846,1.9804
97.4453,28.2298,66.0059,2.7842
61.2015,56.4266,78.8515,9.3856
7.9355,55.3756,55.6588,3.4517
38.3568,86.8210,50.4071,5.0251
81.4939,14.1788,48.8340,3.2147
57.8247,78.9817,7.2086,-2.6935
63.0889,91.5241,10.6332,-1.8800
50.8467,42.9437,39.1044,11.0366
57.7032,16.2407,59.3573,10.0064
63.0872,39.5375,80.4340,11.9363
35.3591,21.8123,32.4569,11.9126
55.5535,67.0678,43.3213,4.8597
89.1785,55.4293,67.7048,5.5894
19.3890,66.0642,22.5610,7.2253
18.6011,9.1729,7.6812,1.8605
94.3507,57.3543,74.6156,0.8792
16.2922,7.7349,63.5775,12.9006
92.6504,7.3990,38.5945,-6.5301
86.8893,73.6326,56.6873,2.9903
85.7514,78.8409,49.5464,2.8213
81.2732,89.9923,7.9393,-4.0568
9.1850,99.9908,26.2533,-8.2591
6.1592,78.5137,24.6845,-13.0964
59.2537,20.2953,30.5539,6.5979
30.4529,33.3791,33.0675,13.9209
8.5304,20.4461,59.6254,21.0747
38.7851,29.6715,72.0492,16.4316
3.7031,33.1107,87.8306,-20.3105
87.0610,82.7033,36.6393,-0.2566
96.5993,9.1983,13.5735,-6.9199
12.0290,97.7116,54.7291,-2.2050
98.5996,45.0690,19.1711,-1.2959
92.0698,58.6724,93.1818,7.1948
89.1575,36.6230,59.0532,4.8483
7.0886,26.9828,28.5327,14.2715
73.9645,17.0839,87.7810,8.2986
88.0547,37.2321,93.5684,8.0528
76.8399,50.3550,36.4062,1.7694
15.0768,11.0597,80.9706,15.1151
33.2754,39.3092,16.4412,6.5131
98.6517,43.8927,68.8449,3.1403
18.2133,64.9614,5.2673,0.0139
18.8097,69.5959,9.1886,0.2975
48.7371,83.0619,34.8027,4.2805
82.6018,80.5731,2.7445,-5.6539
41.4545,76.5023,99.4394,9.2683
25.6437,82.2658,12.6952,1.5859
52.0270,10.1467,99.7383,7.2796
22.9136,95.8131,70.8870,7.6451
34.9725,74.8994,84.3095,7.6856
73.6198,90.8507,92.8761,4.9178
62.0816,31.7962,57.5283,10.7224
11.0367,95.1233,30.6277,1.8205
15.9247,39.8093,9.7627,7.5405
97.7234,87.4307,83.9554,2.6039
22.4228,38.2733,64.2190,17.6598
31.3917,49.9650,48.9862,13.4891
62.2469,17.6745,56.3793,8.8764
47.3860,46.4334,93.6467,13.1317
89.1916,50.4513,34.0563,1.0751
81.1101,26.8453,7.8433,-4.0330
19.8349,57.8219,51.9436,15.3638
83.9886,2.8554,93.5424,-16.9757
75.5947,0.7827,12.8196,-101.1380
13.5924,51.3130,38.1215,13.2704
43.5463,31.8842,45.2015,11.5906
92.0242,71.7156,51.3587,3.5794
22.3912,24.0498,91.3530,18.5055
32.8476,26.7447,25.6706,11.8343
92.3163,53.8051,26.7918,0.9426
65.6504,79.0718,92.4038,2.3645
50.2548,41.2206,8.3441,-0.8238
59.1614,74.8176,66.9521,3.9364
55.7350,26.8016,66.1296,11.6505
20.2417,11.9406,13.9801,9.9123
38.8682,87.6839,44.7653,3.9534
23.0563,32.4710,55.8242,17.1522
99.1769,28.2773,38.6103,1.3679
38.9494,94.6301,81.7845,7.2957
27.4902,3.0043,23.9674,-9.5088
57.0356,59.7695,88.1795,12.8255
63.1157,30.2948,1.4433,-7.9923
7.7961,90.9089,61.3372,-11.1497
6.3025,83.6912,42.4633,-14.1847
47.8503,97.7863,54.2110,4.7148
3.5570,21.0592,53.6537,-6.4836
64.5198,49.7099,78.4658,7.2289
12.9485,89.1586,15.4211,3.6205
42.6023,77.1494,4.6492,-3.3970
37.8007,41.0151,85.5409,18.8534
50.0478,30.7331,90.2528,13.1878
68.5802,72.4688,90.3563,7.4096
8.4937,67.6714,85.1295,-1.4782
31.8464,75.2709,37.0708,9.8417
23.1134,30.7022,43.1455,19.6314
66.9670,99.0495,26.8145,0.8131
76.0233,93.5993,43.7564,1.7098
39.7590,41.6761,9.8961,1.8399
59.4408,24.0856,62.5366,9.0624
23.4448,28.0803,31.9543,15.4327
43.7246,82.2892,91.1984,10.8249
74.6637,27.0368,20.9035,0.5524
85.2273,3.4139,48.4797,-13.4431
43.5244,46.6739,11.0149,1.8193
87.8357,47.8245,3.1311,-5.3877
15.6903,7.2823,4.5415,-3.4915
4.7310,63.0196,94.6559,-18.0585
71.5629,1.9508,84.1256,-24.1887
90.1432,50.1148,59.2101,4.6271
19.1983,46.0368,24.4706,14.8949
0.4760,13.0524,23.3563,-242.3097
95.5748,18.7008,97.2196,6.4248
26.1927,37.7755,83.9769,18.2772
19.6928,94.7092,14.0795,1.4689
57.7914,34.4195,40.6268,9.3555
72.3456,65.7367,44.7100,4.2607
91.0623,9.0918,45.0720,-1.5220
37.2465,2.6486,98.9520,-11.9984
79.9136,97.7772,73.1357,1.1626
70.7596,63.1735,82.4248,5.4657
63.3765,99.0651,90.0055,4.2880
94.8678,86.0893,53.4132,4.0753
83.6241,54.0369,9.6290,-2.1967
63.0943,98.7409,93.3462,5.7603
13.3019,82.0534,42.0254,2.1172
34.2346,12.4946,8.2529,-1.9926
77.2340,11.2101,41.5017,1.8193
53.4865,75.6847,80.4625,8.0082
52.7411,58.7039,18.9082,3.3135
42.8398,87.9922,70.6013,4.2634
69.9352,36.3506,91.3153,11.9694
33.5734,66.3641,16.7465,4.2236
65.5286,1.7309,92.2832,-31.5570
47.9622,86.9628,84.9574,5.6655
63.1360,67.7084,97.6376,11.2235
76.3940,75.6394,41.5145,3.6551
29.8614,99.6817,65.4065,5.8110
27.6746,23.9735,65.9566,20.1244
54.3255,50.4413,61.8578,7.8578
83.6339,64.1851,7.6302,-3.6056
3.3998,56.0453,20.1509,-28.6442
28.1100,37.6162,23.2094,11.1306
16.3614,93.0738,29.6590,2.3653
71.9581,6.7317,12.9612,-10.8186
84.1305,58.6167,48.3547,3.7792
76.9040,43.6931,11.0016,-2.2971
97.7218,61.9822,39.1842,2.9352
81.7390,69.3230,71.6853,6.7015
94.0783,69.4436,81.3609,2.6706
34.0403,2.5410,8.3170,-26.4078
61.7550,31.3393,14.1036,-0.2304
2.3043,77.5912,90.1531,-55.8048
41.6199,74.8788,61.8902,7.1378
52.5812,85.4578,43.4441,5.0568
55.9543,64.6497,98.4160,11.0293
5.6394,96.9185,78.0455,-25.5105
99.1946,37.4477,59.2534,2.4002
44.6246,44.5471,48.3017,10.8983
33.7898,81.7349,34.6474,6.6111
26.5800,0.8103,72.0811,-78.0756
99.6231,78.8512,49.2048,0.4417
17.3144,34.3765,58.3655,18.0033
99.4683,71.7273,5.1554,-4.0475
20.5512,96.3928,24.8155,0.4801
7.7308,83.8588,25.7332,-6.1629
20.2121,12.2042,7.9064,3.6723
92.3124,94.8394,84.7189,1.3679
37.8417,8.5028,82.5064,12.2711
30.9311,72.0461,93.1673,11.9311
16.6170,69.5580,32.1670,11.0035
63.6997,74.7452,12.2609,-1.9365
87.2642,24.0587,40.9566,4.2933
82.1029,71.1401,88.7556,8.6059
0.8306,40.8685,92.7708,-129.5107
68.2249,24.7187,61.9021,10.5924
31.2441,82.9104,3.5458,-5.2808
50.7421,35.7847,28.7364,6.2620
52.6145,31.8575,46.4375,11.0513
77.8148,52.4149,5.1415,-4.5299
31.1638,69.1618,64.7623,12.5705
62.7551,69.2603,56.2191,5.8668
15.3519,0.7333,65.9171,-85.8402
63.1174,64.2145,80.3214,7.3952
61.6472,39.8127,20.4213,3.2041
41.8830,95.7264,37.7528,3.0657
48.1099,26.4995,87.2477,11.5446
11.7451,15.8648,12.2906,15.8351
77.3372,44.5368,52.2027,6.2364
60.7920,19.4994,44.0591,6.6635
69.6657,81.0010,33.4623,2.0569
43.1441,67.2571,93.1342,11.7698
53.5076,0.6178,83.1145,-110.2077
87.4522,52.7336,93.4382,7.9545
1.9110,57.5241,33.7214,-64.2524
92.3771,85.0730,30.3676,0.1158
79.9041,97.5576,92.6406,5.8049
87.5202,71.6765,50.3417,3.1558
28.3712,52.1203,46.3122,14.6445
15.5720,72.9038,97.7593,13.0643
50.7328,77.2649,4.0591,-4.7612
37.6759,7.9342,71.1974,7.3265
37.1710,71.1883,21.4625,4.3493
85.3413,22.7701,17.4763,-1.3879
78.0495,82.9373,87.5192,6.0984
38.1391,56.1463,11.9961,3.0622
41.3777,86.0010,95.6879,8.6120
67.2288,85.9462,54.7184,8.1002
7.5507,57.3359,73.4919,-1.9390
86.0537,40.6687,67.2847,7.1710
53.4818,7.8390,22.8951,-1.6902
73.1444,42.7582,5.3164,-4.5376
5.3176,68.1791,33.1509,-13.1450
43.8183,95.2023,27.6476,3.0991
4.6009,93.1556,45.5627,-26.7301
69.9677,93.1656,92.0202,5.9762
86.7213,72.5936,93.6285,6.0080
28.8551,38.8443,81.9839,19.0296
58.6556,81.7211,89.2093,9.3482
6.6925,98.0461,40.1046,-19.6614
94.5956,18.6833,29.2018,-1.6408
82.3401,4.6958,46.9883,-8.9999
12.9488,11.1903,45.2784,18.2354
1.2497,79.4526,99.5477,-86.4933
92.9580,62.3579,13.1495,-2.0232
32.5819,91.9437,58.4915,6.7985
69.7701,81.7205,41.2281,4.3424
39.5154,95.6721,28.7400,1.5518
17.8012,31.3296,53.5436,19.4833
0.3421,75.9000,50.0633,-255.0600
31.3168,45.3550,62.4763,17.2096
12.8859,63.9112,48.5115,10.4837
25.9621,76.8751,61.1029,12.7150
50.4979,1.8356,37.7625,-30.6433
13.3509,36.0023,43.0781,15.5969
35.7880,72.3553,61.0135,8.0846
12.0874,98.1390,92.6892,0.3559
59.3610,52.0179,93.0008,12.0965
1.9440,32.0322,48.5088,-59.8066
0.0187,14.7353,85.8611,-4347.5133
49.0932,3.6761,72.6579,0.9741
29.4404,71.0430,34.8223,8.3274
21.2054,97.7486,48.5895,7.7945
21.0013,11.8660,3.4122,-5.1234
24.9114,46.4485,97.8372,17.2289
89.8407,20.3835,41.1369,4.2266
43.8793,22.6028,71.7437,13.7258
30.7823,0.6874,87.6854,-89.7553
14.9499,16.6336,51.9292,20.6826
6.9355,19.8614,11.1219,16.6090
32.1060,32.9656,92.5965,19.0196
43.7574,99.4738,9.5315,-2.2900
36.1196,30.8435,40.3791,14.9974
33.8872,46.7133,23.2479,8.6545
75.4630,57.6289,44.0817,2.9575
87.6433,78.1762,2.4524,-5.9921
69.3473,30.4713,41.8105,5.4691
31.2597,51.9514,54.6958,14.4847
28.1522,41.8922,94.1914,17.8838
48.2258,3.6463,42.8838,-5.8845
14.8793,28.5489,74.4557,18.6380
60.9948,37.3526,35.7768,6.0230
41.6706,73.3313,19.3362,3.2447
97.6698,62.6964,27.7217,0.8945
4.7737,94.9520,64.7674,-26.7467
30.5952,62.5510,6.2296,-1.5127
89.8028,75.7205,60.4167,2.5897
53.9284,79.5631,43.2779,3.9543
14.2945,44.4741,19.9534,12.3653
26.5206,23.3190,48.2078,16.1595
23.2958,36.6551,30.6474,16.4677
86.0942,45.3326,3.4161,-5.6586
12.6032,8.1717,82.6074,18.8495
24.6995,6.2364,80.2034,6.9341
32.2107,43.2706,24.3688,10.2297
38.5004,15.6069,36.3979,9.3196
59.8649,35.3749,49.8701,12.0909
44.8764,21.7821,36.2100,9.4443
36.9274,25.7653,5.5393,-2.2565
47.3917,30.7866,89.3209,14.1025
20.1460,63.8999,81.1042,12.2333
20.6712,8.4815,6.5659,-0.5183
89.4185,58.3930,54.4710,3.2927
97.9679,12.5346,3.6524,-9.3391
10.2990,55.2032,89.1397,13.9940
99.1127,75.8558,72.6796,0.5320
77.9584,40.2910,29.9822,1.7310
4.9049,83.4473,71.4089,-22.8939
37.2480,41.2803,21.0568,6.7474
82.7319,11.4177,79.2658,3.6401
93.5802,92.4840,77.0083,3.1691
19.3028,37.6681,22.0524,12.5195
59.3027,87.0057,94.9568,8.1385
14.0750,9.2402,35.5401,16.7426
53.7466,47.4674,13.3619,-0.5449
44.9064,61.9358,39.4221,7.9669
69.4578,81.9865,31.5539,2.1840
37.5578,62.9280,12.4315,0.8474
86.2812,2.5652,39.5829,-21.9432
61.4112,94.5598,48.4393,5.4238
10.0293,51.5307,90.5228,6.5962
51.0720,9.3951,44.9318,5.4025
36.5174,73.3114,49.1357,6.8651
73.5915,22.2797,89.0098,6.3078
38.8971,34.0026,99.4985,17.0185
27.1571,97.3040,32.7995,4.2601
73.3489,63.3875,8.1898,-2.8368
2.8604,17.3044,46.1552,-10.3937
76.3448,82.3818,12.7767,-1.6377
56.4192,99.5043,33.7471,1.4458
33.0388,35.4892,70.4386,18.6490
77.8429,62.0401,96.4268,6.7776
39.8065,65.4490,83.2677,10.7712
17.2412,89.3340,55.0637,2.6782
96.4870,89.2762,88.2197,2.2903
47.1310,49.5839,6.6159,-1.7349
5.0364,33.9675,62.6805,-6.4084
65.5653,6.4691,53.4271,-1.1502
37.1060,43.7935,41.5209,11.9715
12.7919,10.6253,5.7006,3.6034
27.1317,4.2088,95.0102,0.1210
15.5100,6.1184,90.6198,12.1702
83.7753,69.2258,44.3018,3.5904
55.7344,64.0224,41.4597,6.1004
39.5545,0.8407,75.8834,-73.4105
84.2515,48.2925,96.6789,5.8307
77.7648,2.4272,97.7363,-17.3720
39.2688,67.3056,43.6906,8.7483
73.9246,19.8286,99.0473,10.3720
16.7821,17.7019,28.1503,17.7852
42.5825,44.1393,35.5983,10.2519
79.0831,31.8864,10.6881,-2.4399
7.4842,69.3698,32.6429,-6.3927
87.5241,63.4182,67.9001,5.7763
71.5357,18.3532,46.8234,6.2954
92.5619,39.3851,14.7236,-2.0045
62.9136,88.4450,57.8641,3.5907
44.7105,41.6942,19.0076,4.3126
24.6466,45.5323,19.1149,12.1961
14.9739,64.5182,22.4398,9.0047
97.5042,50.8169,54.2880,2.9327
24.7211,61.9824,1.2231,-8.8883
17.6548,27.9363,15.4608,13.1363
98.8704,23.8112,25.2425,-1.2892
48.5232,40.7104,37.5238,10.0156
2.9545,9.0640,11.9973,12.7152
31.9688,26.3635,60.2812,18.0116
47.8122,71.0574,78.4620,11.0036
46.9430,85.6402,35.7475,5.4670
48.4699,94.0338,15.8125,0.7435
74.6913,90.9396,14.0199,-1.4145
29.9678,66.8930,13.6269,3.0339
8.0751,43.4919,99.6188,9.0516
39.0387,73.1839,0.0132,-353.7462
30.4410,65.8303,25.1447,7.6906
8.4668,65.2080,11.9763,1.9677
81.0428,94.4422,42.6140,2.4085
40.4665,36.7890,70.4469,19.1777
83.1697,46.7416,45.2734,6.7894
36.1309,88.5905,19.7555,2.1993
69.2162,84.7401,36.0212,5.5530
40.0022,94.3907,17.7592,2.6866
54.3220,29.6812,55.9798,9.7075
51.8370,64.8425,15.8224,1.8717
99.4359,35.0676,28.6499,0.2361
10.2096,51.1429,59.3356,9.0279
59.3720,52.5258,22.1604,2.8004
56.7710,43.8309,44.9422,8.4582
59.9366,77.4655,48.0614,5.7996
93.8680,51.1664,50.9777,1.2507
40.9595,22.8876,54.4808,14.2849
36.6791,80.7541,66.8484,9.3791
52.2163,68.1664,34.7515,5.8767
95.5600,81.2914,85.4977,2.3853
73.2556,28.1956,65.9671,7.5812
94.8390,36.6748,40.0312,2.7664
62.9717,78.9110,72.9373,5.2215
14.4537,31.6947,23.9819,17.4234
50.4472,79.5515,61.0651,4.2592
91.6468,71.9681,47.1752,4.1704
5.2960,33.8845,59.9246,-3.7610
69.8514,12.4390,76.9007,6.5278
68.4692,58.3165,78.5290,7.4154
82.4361,62.1635,12.9108,-2.2582
68.3405,4.9380,50.7063,-2.4829
43.2081,40.6142,24.2878,8.5488
41.8565,5.2949,31.5916,-0.9866
62.3463,16.0852,21.6273,0.9219
64.1885,90.2296,64.9953,5.4667
69.1543,78.3896,44.1282,4.3745
66.6122,74.6878,54.9309,4.0110
29.9314,73.1103,46.9469,11.9801
72.3092,0.5311,83.2924,-135.8129
79.7903,35.5976,62.3468,8.0585
79.1819,45.6750,72.5148,4.9584
43.5317,34.1174,14.5294,2.3759
54.9448,15.6631,56.1488,6.8702
13.2693,62.9240,54.4044,9.7588
6.7619,56.6521,63.5999,-5.7615
72.9312,38.4427,81.4680,6.9231
32.7619,44.4409,27.5132,10.2868
96.4502,73.0390,90.2432,2.5777
33.3594,16.5960,53.2832,13.8950
21.1545,48.2385,86.9197,18.9965
8.5458,40.4014,31.1910,7.3844
81.6118,76.1476,40.1325,3.9443
23.5289,16.6584,48.8670,19.2369
77.5981,29.8243,11.6256,-2.5988
75.3715,45.2423,93.4710,17.0541
34.3971,81.3906,81.9988,10.5718
3.0003,91.9582,57.7093,-43.8780
28.5584,45.8725,12.7693,4.4553
55.8527,21.2042,6.8025,-3.5332
11.6638,22.2516,67.2507,17.9787
61.4217,26.0348,9.1687,-1.8029
21.9399,50.0230,68.9645,14.3736
46.4528,67.0264,30.9276,6.2773
70.1977,71.4432,43.7742,3.5905
49.7955,45.1993,96.2190,15.5727
48.8291,79.3283,89.0309,10.6135
87.9699,80.2353,99.6771,3.8321
66.9183,80.6065,33.2588,0.6893
94.1105,71.9405,51.4483,1.6116
76.9357,70.3839,21.9051,-0.2757
17.3867,8.1217,42.4206,15.9852
33.0748,81.1606,78.1410,12.5855
85.2224,75.4253,67.8547,2.5030
73.4613,30.1882,11.7713,-1.8355
13.6203,33.9485,50.9869,21.4917
75.0571,33.7227,69.2252,4.3671
86.6708,27.6802,16.4490,-1.9716
76.0221,58.8015,97.9812,8.6067
43.0554,8.7416,20.1862,-0.0922
29.5924,37.4929,96.2497,19.1338
31.8126,96.4695,56.2394,7.6064
12.4374,98.5060,9.4593,-3.5364
36.1809,95.8107,79.1509,13.6061
21.7855,57.4108,91.4755,15.2304
60.4967,96.0780,12.4505,-1.0280
36.3679,80.5199,27.7387,5.6309
63.1809,78.0414,11.9656,-1.5032
81.3326,36.6342,24.3037,1.1588
35.8059,83.2195,14.7805,3.0625
95.9479,3.9524,92.2004,-10.7575
83.6965,35.6061,24.9564,1.5131
80.0769,17.6810,69.5661,6.9252
68.9949,58.8095,86.5982,8.0874
94.3775,48.4936,96.5893,5.6209
46.6816,25.1364,53.8409,13.0298
42.6873,16.3703,82.1311,14.4164
6.7814,49.7357,31.0744,-3.3538
43.8400,85.5831,8.9335,-1.2283
56.6757,61.4956,71.0514,7.1172
85.2460,94.1610,58.8540,3.5894
43.7997,44.3507,94.6224,17.8713
91.2010,58.5431,68.1550,5.5770
28.1258,21.3220,96.6776,19.3189
46.2960,52.2446,53.1984,11.2025
15.0622,66.3241,52.5139,9.0106
81.5069,13.6779,19.3044,-3.3024
99.3431,65.5335,9.9559,-2.6117
22.7637,8.6088,36.8328,12.7866
92.5886,54.3654,60.8743,2.6150
88.7522,82.0395,18.7972,-1.9477
49.2750,30.5273,15.0237,2.9566
56.8422,41.9035,86.7339,12.9359
95.2298,80.5506,47.1591,0.4369
41.4684,89.2205,30.4282,3.9905
75.1159,50.8466,58.7082,6.8429
10.9752,0.9167,30.5130,-59.5372
92.1761,28.0387,97.8353,8.7041
26.2475,37.6193,47.5683,16.5082
33.8923,55.9401,87.7625,13.9697
93.0084,61.6154,21.4851,0.1381
66.1785,31.4762,30.5505,3.5542
53.7413,54.4827,29.8084,4.6564
69.9158,14.8331,29.6742,1.9142
35.6249,30.2207,34.9646,10.8256
90.2221,64.1375,38.4987,3.7903
22.7753,35.1647,97.9990,19.3101
83.1796,72.7848,55.6314,3.6725
52.5455,21.4652,54.9099,8.9797
37.3248,80.7256,9.8048,-0.8579
28.3768,73.8345,76.8846,13.7545
45.4284,18.6223,31.2073,9.0981
44.3994,42.4534,24.4388,6.8578
39.9874,26.8386,53.8488,17.2539
63.6568,93.6903,26.8194,1.2881
65.2658,34.0820,59.8458,11.2579
86.6862,74.6076,84.7271,3.8388
26.4492,58.2990,72.4147,8.9751
12.6147,22.6346,93.8523,20.7564
83.9597,97.0423,13.0446,-3.2634
93.8457,71.5533,41.6047,-0.1424
58.5220,68.4318,43.7809,7.1912
20.7855,13.0579,73.4933,17.1845
92.0550,83.4512,57.5739,2.3456
27.5614,55.5113,93.8672,16.4110
36.7202,50.1713,70.9507,14.8559
78.6500,87.4132,75.1517,3.3394
21.3460,42.5747,3.7266,-2.7485
76.4213,84.6371,12.1850,-1.3827
43.9168,50.4598,17.6209,3.6922
29.5721,81.3740,84.3937,11.6517
40.7321,77.8734,81.8047,7.5797
95.8078,40.6286,58.8177,3.6398
45.9676,48.0293,59.8827,12.2726
26.5076,15.0233,22.9233,10.8725
72.0974,28.3145,47.7908,6.0624
52.5624,51.8637,62.6997,12.1167
34.9155,92.6116,94.7370,11.9596
70.6199,18.7403,53.9407,5.7313
46.9396,67.5130,34.9416,7.6477
68.2101,13.4515,54.0765,4.6922
95.2772,30.2150,47.8974,2.7734
7.9762,54.8859,98.1862,2.5082
58.1313,53.0576,17.6996,2.0510
93.2438,49.4068,46.7939,3.9406
70.5223,79.9974,80.8449,6.6625
43.0197,58.9496,19.3277,4.0808
98.3449,74.5874,14.7918,-2.5725
19.8564,83.6947,66.5187,5.0112
96.0886,28.6997,89.2825,6.2499
39.0839,60.9859,52.2277,11.7345
10.6874,32.4082,64.6080,22.6883
54.6283,41.6931,46.2624,9.9911
62.5620,87.9479,73.4886,8.3863
69.5758,13.3194,91.1741,11.3040
50.0622,18.1078,88.6443,13.8842
90.6631,86.5258,23.2959,-1.3549
19.7904,90.8280,78.0820,-0.1490
10.6768,7.8214,5.3430,2.4903
11.1205,93.1209,60.8621,0.6073
26.8882,38.3972,4.0686,-2.4407
37.3556,60.3786,10.2901,0.6572
22.4087,61.6853,91.7001,14.5078
52.6339,23.3012,60.6527,10.1590
13.1632,12.7405,85.8826,20.2797
62.7038,85.5363,73.6844,5.6726
34.2943,67.0008,32.4077,8.8998
79.4469,63.6739,66.7795,4.9142
57.2005,34.3463,18.7407,3.8170
25.0640,55.3146,37.2941,12.8439
36.1019,60.9798,54.7749,12.4670
18.5737,93.2604,53.0383,0.9638
12.3425,44.1619,49.5484,15.8281
80.4330,74.0829,9.1872,-2.7096
33.7745,77.1223,3.9939,-4.8624
19.8710,56.4328,12.3984,7.3113
98.3409,93.2524,30.8161,-0.4809
96.1275,15.9777,10.9837,-4.9616
10.3010,5.8149,5.6362,2.1546
67.1313,43.9869,84.5635,10.5422
5.9732,4.6230,47.7237,9.5094
52.4487,41.0968,85.7961,13.0649
46.6807,75.0210,93.6614,9.0333
86.4409,36.9940,81.2088,5.0848
55.9390,86.7499,23.6468,2.5736
34.6448,85.6777,26.9789,3.6181
99.5992,53.6713,39.8657,1.1034
29.7826,88.9589,12.5249,-0.0786
49.2368,91.8393,35.0279,4.7089
48.9705,32.3366,95.8518,13.9210
27.8980,15.0375,48.9901,15.2889
33.4766,70.0101,1.7590,-7.4398
58.2755,2.1139,72.2855,-22.4646
73.3466,12.5269,54.1291,4.4567
88.8733,54.9976,37.8779,3.5264
26.2554,43.0793,89.1832,13.9257
99.5258,89.5717,83.9713,-0.1779
11.8714,83.1530,17.5750,0.9893
98.1492,19.7573,49.4025,2.8184
51.7243,53.2182,80.8300,11.5266
70.9056,22.4081,29.9148,2.6600
28.4972,85.7871,54.5607,8.7747
88.5063,4.4180,28.8662,-13.3170
60.7831,89.9946,69.8350,2.3733
60.8277,64.4731,9.6299,-2.2222
77.2295,74.6539,50.2081,1.4407
12.3513,3.5802,7.5516,-5.9906
78.3302,41.6806,91.7661,9.9493
23.0044,36.1122,12.2318,7.0794
47.9737,87.0737,54.7735,5.8418
38.4082,67.9248,35.0047,10.0536
56.8111,56.2091,82.1871,7.9748
54.5474,53.0244,69.9784,8.6209
87.3432,13.2668,38.3354,1.5713
23.1156,83.7031,53.7814,10.0750
77.1298,56.3145,10.3725,-2.6714
13.4291,6.6462,0.0769,-68.6036
27.1081,87.6322,47.2463,6.7444
37.8604,73.6797,63.6369,11.7643
20.1987,45.6857,80.0929,13.9404
3.4122,43.4546,44.8899,-24.3946
43.1359,97.9708,20.7879,0.6720
56.8088,63.7600,31.3161,3.8406
60.3676,31.3915,52.8062,8.9812
24.6745,10.6584,22.3973,11.1827
91.3671,40.9453,87.5859,3.5759
80.5246,79.6007,23.2273,-0.2345
17.3267,67.4354,3.9748,-2.4181
46.4792,31.7232,60.1985,15.9051
85.0003,13.0080,9.1700,-7.0809
49.5157,3.7081,58.6647,-4.1971
99.7609,77.3809,41.4463,0.7165
2.6940,62.3807,91.7891,-48.3092
27.8360,43.7274,11.4505,4.4634
92.8217,71.0670,37.5324,-0.2056
19.9572,87.6410,53.8030,3.7803
38.2749,43.8811,26.7414,8.5391
23.9581,68.9516,78.6667,8.8569
45.5871,88.0111,14.4753,-0.2145
9.1912,28.0508,37.0214,17.1094
49.5433,41.9699,73.5439,13.9654
63.8220,3.8668,38.8495,-10.5845
21.3378,94.4401,8.3971,-1.7634
37.6839,42.6975,26.0940,9.3651
91.5788,80.5196,75.9725,3.3817
41.5808,25.3115,52.9363,12.0862
20.9629,61.1692,70.0541,13.7657
79.5680,21.8610,89.3379,7.0445
2.5281,51.8656,13.8353,-37.9228
65.7534,47.6964,49.4793,6.0011
94.5921,62.3843,47.2265,4.4105
42.6833,18.6640,32.7589,8.6535
71.3199,87.3353,40.9234,2.4857
54.9106,24.1526,47.0928,11.1708
72.5058,68.6533,91.0077,6.2779
51.1069,85.4358,81.5404,8.2297
18.7019,21.4537,91.6096,21.3969
32.4050,70.0854,46.1978,12.1977
77.1492,51.3057,53.4326,6.7216
78.9507,36.3709,13.1501,-2.5643
61.4367,32.8964,58.9854,9.4777
17.3168,16.1560,87.1123,15.8723
55.3870,81.1979,71.6294,9.8218
39.8413,44.3561,37.0706,11.5728
22.4301,52.9509,77.5112,14.4791
83.4008,14.4974,1.1506,-11.6820
23.0356,75.3903,52.2123,7.9021
80.7319,32.2045,15.4125,-0.8593
0.7434,90.5371,85.3107,-128.8800
64.0088,49.6019,87.6198,16.0456
94.6301,58.7990,9.5297,-3.0997
74.5010,63.6508,42.4581,3.9035
12.8722,18.2822,37.0644,19.2993
92.9083,21.8716,59.6266,4.3365
86.8907,64.2876,52.5297,3.3780
62.1299,10.9817,7.6423,-7.4015
19.0425,49.4708,70.7777,16.8295
1.0161,45.7628,10.9807,-99.4724
45.2852,54.3561,14.4558,2.5162
84.0058,67.3914,71.5474,2.9743
30.3528,75.2464,90.1306,10.3156
17.6197,30.7868,30.0501,18.3280
0.9957,52.2565,46.0661,-108.6860
27.8098,27.6184,82.2334,16.6933
31.8518,75.6288,47.6182,9.1156
80.0960,43.6668,61.3373,7.7313
32.7995,93.4318,40.2582,1.7112
37.3874,6.2040,57.2888,7.8114
10.1733,93.0807,3.9156,-9.8257
44.0427,42.2253,30.3571,7.1315
91.7155,33.4139,14.0914,-1.6350
14.6140,95.3592,20.9828,0.3440
68.3729,33.2940,61.8970,10.4122
20.5400,41.3685,57.1013,20.0272
4.3045,22.2558,38.3322,4.9904
93.8930,79.6421,42.6880,1.7950
57.6813,71.7295,19.5328,0.2547
28.6883,82.4008,37.5436,4.7594
33.7086,85.6555,85.4587,12.0248
86.9504,89.2775,21.6542,-0.0267
37.0439,78.7463,93.9682,11.2390
92.4967,2.7947,51.7332,-21.3556
76.1492,5.0877,37.7996,-5.9949
58.9197,55.3034,95.4732,15.5576
39.7809,16.9593,50.5625,14.1471
83.5689,60.9611,4.4437,-4.7872
3.1991,91.5023,30.8078,-40.9066
43.3493,21.1195,14.3059,0.8298
91.5621,13.8106,11.4286,-6.3093
33.4487,71.7231,69.9211,15.6303
1.1311,33.9595,19.5107,-103.0894
87.8278,65.6700,50.2134,4.3862
43.9263,29.8310,58.3260,14.3463
54.4053,41.4413,4.7064,-4.0334
3.4578,65.0635,78.3792,-33.6481
99.8213,77.1432,54.7190,2.6634
42.5890,70.8306,42.4165,6.7208
47.7509,48.3850,71.6274,12.8237
98.9997,72.4870,74.1896,3.9642
18.9244,65.9469,69.8942,12.7530
60.5122,96.5972,15.3264,-0.2676
29.1050,78.9361,58.8926,11.0877
25.2221,39.6402,66.7377,16.0789
1.2924,48.5843,92.9326,-92.4520
70.3366,32.1586,92.9200,11.6158
30.5677,64.6077,40.1086,8.1035
85.1558,75.8811,66.2080,1.6571
7.8778,37.0030,1.6260,-5.0303
35.2813,2.7514,50.1356,-10.2968
8.7590,73.2617,55.6096,1.3291
88.5170,31.8836,81.8680,7.9320
60.4028,92.3535,63.5013,4.3684
70.6452,19.4450,55.5516,4.6221
70.1939,73.1345,57.3546,5.3279
45.2937,74.3070,62.9891,4.9947
9.2773,54.4389,6.0656,-0.4040
89.2657,49.2128,76.1717,7.0954
15.5599,85.3927,78.5096,1.7543
44.7033,12.7983,95.9937,11.8492
58.8624,23.6890,0.5144,-14.5678
89.3367,34.2345,51.6268,6.2986
48.8402,63.1486,59.4327,12.9433
8.3931,78.6731,14.3770,-5.6339
57.8862,47.1897,57.2447,12.5703
72.3170,45.1585,3.2317,-5.0955
20.7400,59.0381,82.2901,13.9784
70.1370,32.9475,59.5014,10.9122
69.4444,45.0990,59.2210,8.7456
48.1151,56.2441,28.6869,3.9354
9.5332,31.7258,38.2582,18.9211
77.2293,94.4975,49.0799,1.1825
39.6147,44.2838,87.1501,16.0167
58.5564,10.4559,90.6549,8.6393
72.9452,36.7714,96.3725,12.9525
51.4072,68.2782,20.6070,1.4954
57.2237,71.3095,98.5125,9.9182
8.7861,29.5902,19.4311,17.3940
99.5851,82.6577,69.7855,2.1314
82.6951,31.6626,74.3558,7.0192
89.2108,77.5265,98.9468,0.5108
91.9810,17.9439,14.6285,-3.6462
5.4208,81.1442,0.1872,-43.2862
54.4325,31.0347,31.9214,5.4965
70.9729,80.6867,54.6355,5.5775
73.7645,0.5191,49.4127,-144.1303
85.2787,67.2204,86.1676,2.7706
93.9934,79.0340,7.1093,-3.9576
6.5763,79.4369,16.3997,-9.9034
93.4925,70.2342,88.7689,4.2798
74.6704,6.4601,91.6711,3.3152
30.3162,37.4295,52.3144,16.0291
53.8749,88.3477,44.1928,4.0394
91.1629,65.8612,59.6878,3.0163
82.3684,38.0196,83.6278,9.6509
91.2454,44.3085,48.3569,7.0881
97.7005,75.2907,58.2181,4.3442
62.7686,71.3721,92.7455,8.7562
52.3749,97.9753,74.6857,3.2715
81.7560,3.2038,12.0319,-24.8852
64.5232,92.7435,18.6532,0.2638
83.8879,51.2174,96.3377,7.8918
70.7791,67.9926,42.6235,4.6643
81.3418,17.4182,87.0044,7.1763
38.1968,60.5375,91.6739,15.1420
32.8400,97.1698,88.5005,3.6501
28.1165,46.9096,85.6503,20.3750
49.0761,13.9466,11.5954,-2.1853
69.5212,22.1236,82.0502,10.2504
67.4598,68.4777,96.0771,9.9002
59.3028,85.8544,7.9881,-2.6219
46.1354,61.4167,20.0844,1.9846
38.9884,8.0577,75.6992,9.9928
78.6682,3.9450,44.5715,-10.8722
30.1663,92.4384,66.1596,7.3260
81.6405,45.2001,85.0236,8.6748
31.3443,14.8350,3.6941,-5.0382
26.8243,35.1896,26.5755,13.1601
63.2138,58.7912,81.0710,8.5127
75.3739,82.0551,27.3288,2.2126
7.5295,84.6907,60.6398,-13.4341
27.7787,12.7382,78.1197,15.4433
62.7985,19.5050,58.5984,8.4754
70.3704,12.1752,42.1835,2.2585
90.5816,57.5077,37.5361,3.0977
37.5753,25.4348,33.2060,11.2035
63.2848,85.2526,86.2959,6.3791
92.7631,43.4730,35.5828,1.8053
74.7586,71.1943,29.2743,1.0339
61.3465,0.2056,13.0606,-385.6033
76.5716,19.3689,20.3611,-0.7080
51.0796,65.6705,16.8829,1.9823
52.6891,55.7111,53.0535,10.1029
52.9492,5.0710,59.6450,0.3861
71.8836,92.2287,89.3546,4.0057
37.2573,12.7478,47.9859,11.2051
62.0428,52.9463,86.2312,12.3991
5.7730,34.0534,91.3956,4.2826
94.1285,49.3547,1.9508,-6.7317
69.4773,93.3110,28.7839,0.3655
54.4190,62.9629,68.5663,10.0688
34.5983,42.8518,20.9312,7.4383
38.0943,7.9247,51.5271,10.2922
69.6486,68.1986,90.8985,8.9988
99.0034,36.6755,82.2184,7.2856
75.9973,20.2075,78.3959,9.0758
33.4195,76.2884,31.1481,5.2267
38.1267,43.9202,46.7501,12.3814
44.2203,18.4156,65.8530,12.5693
88.2568,95.2381,80.7427,3.1510
76.7354,89.4102,81.9046,4.8396
93.0844,65.6673,7.6953,-3.6402
15.0181,48.6194,69.8780,15.6890
67.6058,71.1633,9.4802,-2.1223
19.3823,10.0979,92.9145,19.4009
40.1469,27.8302,74.4501,15.6494
65.8126,65.3892,13.5561,-1.1879
19.1464,79.2181,85.3084,11.9437
89.7113,67.9415,82.6646,6.5301
21.8685,40.0008,14.4188,8.0630
58.4625,46.0803,65.9548,10.0994
13.8003,96.1066,15.1348,-0.9001
62.3978,20.7318,28.7692,6.0015
98.1703,61.9644,54.8822,4.8458
58.8506,64.7009,79.5017,8.7046
19.6044,69.9571,60.3985,10.2204
94.7022,53.6005,77.6034,0.8282
40.3499,33.1134,77.6175,15.0685
28.5133,0.5632,45.8669,-119.1003
10.2063,42.0034,34.9206,14.4709
2.2705,76.2214,35.9840,-56.3328
91.4295,80.1295,97.1986,0.8566
33.9415,51.0970,10.1483,1.3110
27.6623,72.8653,85.6579,12.1324
56.9651,87.6477,72.1605,5.7879
98.2692,79.1197,54.5227,1.1571
98.3452,66.5121,35.0078,2.4595
87.4859,84.2480,66.6287,4.2446
60.6700,39.1989,40.5016,6.5022
0.6452,46.5220,25.6017,-149.4800
73.5692,1.3696,98.2548,-42.1635
29.8274,19.4958,85.9436,18.2469
77.0463,83.8428,13.2727,-1.0364
25.5621,96.3004,63.9327,5.6414
